{"order_details":{"shipping_address":{"first_name":"Inkxe","last_name":"Test","fax":null,"region":"Alaska","postcode":"123456","telephone":"123456789","city":"Test","address_1":"Test","state":"Alaska","company":null,"email":"test@gmail.com","country":null},"billing_address":{"first_name":"Inkxe","last_name":"Test","fax":null,"region":"Alaska","postcode":"123456","telephone":"123456789","state":"Alaska","city":"Test","address_1":"Test","company":null,"email":"test@gmail.com","country":null},"order_id":"4","order_incremental_id":"000000004","order_status":"Pending","order_date":"2017-06-15 08:40:11","customer_name":"Guest","customer_email":"test@gmail.com","shipping_method":"freeshipping_freeshipping","order_items":[{"itemStatus":"Ordered","ref_id":"102","item_id":"11","print_status":null,"product_price":"11.8300","config_product_id":"590","product_id":"2077","product_sku":"G240-Ash Grey-L","product_name":"G240-Ash Grey-L","quantity":12,"xe_size":"L","xe_color":"Ash Grey"}]}}