{"version":1.2,"printType":"DTG","printTypeId":"1","productInfo":{"productId":"2","variantId":"1"},"sides":[{"url":"http://screenshotsinc.com/pub/media/catalog/product/b/f/bf2d7560a392e14b0c608946018f238c.png","svg":"<svg width=\"500\" height=\"500\" xmlns=\"http://www.w3.org/2000/svg\" xmlns:xhtml=\"http://www.w3.org/1999/xhtml\" xmlns:xlink=\"http://www.w3.org/1999/xlink\" class=\"mainContent\">\n <!-- Created with Product Designer Tool by Riaxe-->\n <defs>\n  <mask patternUnits=\"userSpaceOnUse\" x=\"0\" y=\"0\" width=\"500\" height=\"500\">\n   <image id=\"xe_lcyl\" xlink:href=\"#\" x=\"0\" y=\"0\" width=\"500\" height=\"500\" xmlns:xlink=\"http://www.w3.org/1999/xlink\"/>\n  </mask>\n  <image id=\"xe_0tkd\" xlink:href=\"#\" width=\"500\" height=\"500\" preserveAspectRatio=\"none\" xmlns:xlink=\"http://www.w3.org/1999/xlink\"/>\n  <clipPath id=\"boundryClipPath0\" class=\"boundryClipPath\">\n   <rect aHeight=\"11.69\" aWidth=\"16.54\" height=\"277.48673\" width=\"196.1197\" y=\"99.27991\" x=\"146.72622\" id=\"boundRectangle\"/>\n  </clipPath>\n  <filter id=\"filter8483\" style=\"color-interpolation-filters:sRGB;\">\n   <feColorMatrix values=\"0\" result=\"colormatrix\" id=\"feColorMatrix8485\" type=\"matrix\"/>\n  </filter>\n  <g id=\"xe_gse0\" type=\"patternG\" xmlns:xlink=\"http://www.w3.org/1999/xlink\"/>\n </defs>\n <g id=\"layer_background\">\n  <title>background</title>\n  <rect id=\"canvas_background\" x=\"-1\" y=\"-1\" width=\"502\" height=\"502\" fill-opacity=\"0\" stroke=\"#000000\" stroke-width=\"0\" fill=\"#fff\" opacity=\"0\"/>\n  <g id=\"bleedM\">\n   <rect isBleed=\"false\" id=\"cropM\" isbleed=\"false\" class=\"bleedRect\" width=\"0\" height=\"0\" x=\"0\" y=\"0\" fill=\"none\" stroke=\"#ff0000\" stroke-width=\"0.5\" display=\"none\"/>\n   <rect id=\"safeM\" class=\"bleedRect\" width=\"0\" height=\"0\" x=\"0\" y=\"0\" fill=\"none\" stroke=\"#2B8F49\" stroke-width=\"0.5\" stroke-dasharray=\"3,3\" display=\"none\"/>\n   <path isBleed=\"false\" pointer-events=\"bounding-box\" id=\"cropMMask\" isbleed=\"false\" class=\"bleedPath\" width=\"0\" height=\"0\" awidth=\"0\" aheight=\"0\" x=\"0\" y=\"0\" ax=\"0\" ay=\"0\" fill=\"none\" stroke=\"#ff0000\" display=\"none\"/>\n   <path pointer-events=\"bounding-box\" id=\"safeMMask\" class=\"bleedPath\" width=\"0\" height=\"0\" awidth=\"0\" aheight=\"0\" x=\"0\" y=\"0\" ax=\"0\" ay=\"0\" fill=\"none\" stroke=\"#2B8F49\" stroke-width=\"2\" stroke-dasharray=\"5,5\" display=\"none\"/>\n   <rect id=\"hAlignTleft\" class=\"bleedRect\" width=\"0\" height=\"0.5\" x=\"0\" y=\"0\" fill=\"#ff0000\" display=\"none\"/>\n   <rect id=\"hAlignBleft\" class=\"bleedRect\" width=\"0\" height=\"0.5\" x=\"0\" y=\"0\" fill=\"#ff0000\" display=\"none\"/>\n   <rect id=\"vAlignBleft\" class=\"bleedRect\" width=\"0.5\" height=\"0\" x=\"0\" y=\"0\" fill=\"#ff0000\" display=\"none\"/>\n   <rect id=\"vAlignTleft\" class=\"bleedRect\" width=\"0.5\" height=\"0\" x=\"0\" y=\"0\" fill=\"#ff0000\" display=\"none\"/>\n   <rect id=\"hAlignTright\" class=\"bleedRect\" width=\"0\" height=\"0.5\" x=\"0\" y=\"0\" fill=\"#ff0000\" display=\"none\"/>\n   <rect id=\"hAlignBright\" class=\"bleedRect\" width=\"0\" height=\"0.5\" x=\"0\" y=\"0\" fill=\"#ff0000\" display=\"none\"/>\n   <rect id=\"vAlignTright\" class=\"bleedRect\" width=\"0.5\" height=\"0\" x=\"0\" y=\"0\" fill=\"#ff0000\" display=\"none\"/>\n   <rect id=\"vAlignBright\" class=\"bleedRect\" width=\"0.5\" height=\"0\" x=\"0\" y=\"0\" fill=\"#ff0000\" display=\"none\"/>\n  </g>\n </g>\n <g clip-path=\"url(#boundryClipPath0)\" id=\"layer_stage\">\n  <title>stage</title>\n  <g id=\"background\" type=\"background\"/>\n  <g id=\"pbgpattern\" type=\"bgpattern\"/>\n  <g id=\"backgroundBorder\" type=\"bgBorder\"/>\n  <g xe_p=\"&amp;#35;&amp;#103;&amp;#81;&amp;#84;&amp;#19;&amp;#58;&amp;#122;&amp;#61;&amp;#93;&amp;#111;&amp;#65;&amp;#54;&amp;#61;&amp;#44;&amp;#26;&amp;#28;&amp;#19;&amp;#116;&amp;#33;&amp;#53;&amp;#93;&amp;#18;&amp;#11;&amp;#34;&amp;#60;&amp;#32;&amp;#75;&amp;#89;&amp;#86;&amp;#110;&amp;#122;&amp;#105;&amp;#26;&amp;#83;&amp;#94;&amp;#108;&amp;#55;&amp;#55;&amp;#75;&amp;#18;&amp;#11;&amp;#91;&amp;#122;&amp;#102;&amp;#10;&amp;#2;&amp;#3;&amp;#51;&amp;#106;&amp;#116;&amp;#26;&amp;#28;&amp;#19;&amp;#35;&amp;#62;&amp;#35;&amp;#94;&amp;#86;&amp;#87;&amp;#102;&amp;#122;&amp;#24;&amp;#20;&amp;#18;&amp;#65;&amp;#114;&amp;#49;&amp;#38;&amp;#93;&amp;#18;&amp;#11;&amp;#34;&amp;#108;&amp;#107;&amp;#8;&amp;#0;&amp;#19;&amp;#44;&amp;#122;&amp;#44;&amp;#75;&amp;#99;&amp;#82;&amp;#97;&amp;#52;&amp;#36;&amp;#90;&amp;#92;&amp;#84;&amp;#34;&amp;#98;&amp;#103;&amp;#8;&amp;#18;&amp;#29;&amp;#34;&amp;#59;&amp;#42;&amp;#84;&amp;#95;&amp;#67;&amp;#69;&amp;#60;&amp;#44;&amp;#76;&amp;#18;&amp;#11;&amp;#102;&amp;#57;&amp;#41;&amp;#75;&amp;#85;&amp;#29;&amp;#34;&amp;#42;&amp;#32;&amp;#75;&amp;#89;&amp;#75;&amp;#101;&amp;#122;&amp;#127;&amp;#94;&amp;#81;&amp;#93;&amp;#115;&amp;#61;&amp;#105;&amp;#26;&amp;#64;&amp;#94;&amp;#115;&amp;#49;&amp;#49;&amp;#81;&amp;#95;&amp;#95;&amp;#34;&amp;#98;&amp;#35;&amp;#89;&amp;#92;&amp;#66;&amp;#101;&amp;#116;&amp;#103;&amp;#84;&amp;#95;&amp;#82;&amp;#107;&amp;#8;&amp;#55;&amp;#87;&amp;#64;&amp;#84;&amp;#114;&amp;#44;&amp;#44;&amp;#93;&amp;#67;&amp;#19;&amp;#58;&amp;#35;&amp;#103;&amp;#91;&amp;#95;&amp;#93;&amp;#111;&amp;#42;&amp;#0;&amp;#92;&amp;#89;&amp;#69;&amp;#34;&amp;#98;&amp;#35;&amp;#89;&amp;#92;&amp;#66;&amp;#101;&amp;#116;&amp;#103;&amp;#74;&amp;#85;&amp;#66;&amp;#105;&amp;#34;&amp;#32;&amp;#26;&amp;#10;&amp;#87;&amp;#97;&amp;#52;&amp;#54;&amp;#93;&amp;#28;&amp;#19;&amp;#109;&amp;#55;&amp;#51;&amp;#93;&amp;#18;&amp;#11;&amp;#102;&amp;#57;&amp;#41;&amp;#75;&amp;#85;&amp;#29;&amp;#34;&amp;#42;&amp;#42;&amp;#76;&amp;#81;&amp;#69;&amp;#101;&amp;#122;&amp;#127;&amp;#94;&amp;#81;&amp;#93;&amp;#115;&amp;#61;&amp;#105;&amp;#26;&amp;#84;&amp;#84;&amp;#108;&amp;#61;&amp;#49;&amp;#93;&amp;#18;&amp;#11;&amp;#102;&amp;#57;&amp;#41;&amp;#75;&amp;#85;&amp;#76;&amp;#125;\" scaled=\"true\" id=\"xe_p6ei\">\n   <g id=\"xe_nwon\">\n\n    <g id=\"xe_uyb6\">\n     <path id=\"xe_z08q\" pointer-events=\"bounding-box\" d=\"M215.39730740489884,167.77056725625843 Q222.5802521676056,166.54421083335728 228.79963116946146,172.23800851111264 Q235.01901017131732,178.01940307621808 236.68335103096888,187.30467313532682 Q238.34769189062044,196.67754008178562 234.40583195986673,204.12327550654263 Q230.5515689164631,211.65660781864972 223.36862415375634,212.88296424155087 Q216.1856793910496,214.1969175518021 209.87870350184366,208.50311987404675 Q203.6593244999878,202.8093221962914 201.99498364033624,193.4364552498326 Q200.33064278068468,184.06358830337376 204.2725027114384,176.53025599126667 Q208.2143626421921,168.99692367915958 215.39730740489884,167.77056725625843 M330.4996173829071,212.62017357950063 Q333.0399271160595,220.6790872157082 329.79884228410646,229.6139697254166 Q326.5577574521534,238.54885223512503 319.46240957679674,243.1038903773293 Q312.27946481409,247.6589285195336 305.44690760078356,245.1186187863812 Q298.52675350012703,242.66590594057888 295.9864437669747,234.60699230437132 Q293.44613403382226,226.54807866816373 296.6872188657753,217.6131961584553 Q300.01590058507844,208.67831364874692 307.11124846043515,204.12327550654263 Q314.2065963357918,199.65583425168842 321.12675043644833,202.10854709749074 Q327.95930764975475,204.64885683064313 330.4996173829071,212.62017357950063 M274.17481881680413,167.77056725625843 Q281.3577635795109,168.99692367915958 285.2996235102646,176.53025599126667 Q289.2414834410183,184.06358830337376 287.57714258136673,193.4364552498326 Q285.91280172171514,202.8093221962914 279.6934227198593,208.50311987404675 Q273.3864468306534,214.1969175518021 266.2035020679466,212.88296424155087 Q259.0205573052399,211.65660781864972 255.16629426183627,204.12327550654263 Q251.22443433108256,196.67754008178562 252.88877519073412,187.30467313532682 Q254.55311605038568,178.01940307621808 260.77249505224154,172.23800851111264 Q266.99187405409737,166.54421083335728 274.17481881680413,167.77056725625843 M192.88490735592768,217.6131961584553 Q196.12599218788074,226.54807866816373 193.58568245472833,234.60699230437132 Q191.04537272157594,242.66590594057888 184.12521862091944,245.1186187863812 Q177.29266140761302,247.6589285195336 170.10971664490626,243.1038903773293 Q163.01436876954958,238.54885223512503 159.77328393759655,229.6139697254166 Q156.53219910564349,220.6790872157082 159.07250883879587,212.62017357950063 Q161.61281857194825,204.64885683064313 168.4453757852547,202.10854709749074 Q175.3655298859112,199.65583425168842 182.46087776126788,204.12327550654263 Q189.55622563662456,208.67831364874692 192.88490735592768,217.6131961584553 M244.74226466717644,220.50389344100805 Q268.65621491374895,220.50389344100805 286.8763674825661,243.0162934899792 Q304.3081480652325,264.5651277780995 304.3081480652325,290.1434188843235 Q304.3081480652325,301.7062080145344 299.66551303567815,305.99845549468847 Q295.72365310492444,309.50233098869177 286.8763674825661,308.713959002541 L267.95543981494825,305.29768039588777 Q254.29032538833545,302.6697737753853 244.74226466717644,302.6697737753853 Q235.19420394601747,302.6697737753853 221.6166864067547,305.29768039588777 L202.69575873913692,308.713959002541 Q193.8484731167786,309.50233098869177 189.90661318602488,305.99845549468847 Q185.2639781564705,301.7062080145344 185.2639781564705,290.1434188843235 Q185.2639781564705,264.5651277780995 202.69575873913692,243.0162934899792 Q220.91591130795405,220.50389344100805 244.74226466717644,220.50389344100805 \" fill=\"#222321\"/>\n     <path id=\"xe_4vwr\" pointer-events=\"bounding-box\" d=\"M273.0360592812531,266.8426468492016 L275.48877212705537,266.4922592998013 Q276.7151285499565,266.75504996185157 277.4159036487572,267.89380949740263 L278.291872522258,269.2953596950039 L279.6934227198593,268.5069877088532 Q280.83218225541043,267.8062126100525 282.14613556566167,268.15660015945286 Q283.3724919885628,268.4193908215031 284.07326708736343,269.55815035705416 Q284.77404218616414,270.78450677995534 284.4236546367638,272.0108632028565 Q284.07326708736343,273.32481651310775 282.9345075518124,273.9379947245583 L276.0143534511559,278.05504843001216 L271.9848966330521,271.1348943293557 Q271.2841215342514,269.9961347938046 271.6345090836518,268.76977837090345 Q271.89729974570196,267.5434219480023 273.0360592812531,266.8426468492016 M252.1004032045834,261.67443049554674 Q252.88877519073412,262.9007869184479 252.5383876413338,264.38993400339933 L250.34846545758174,273.32481651310775 L241.5011798352234,271.0472974420056 Q240.012032750272,270.6969098926053 239.22366076412126,269.38295658235404 Q238.43528877797053,268.15660015945286 238.78567632737085,266.66745307450145 Q239.22366076412126,265.26590287690016 240.4500171870224,264.4775308907494 Q241.76397049727365,263.6891589045987 243.25311758222506,264.039546453999 L245.0050553292267,264.4775308907494 L245.5306366533272,262.6379962563977 Q245.88102420272753,261.23644605879633 247.19497751297877,260.4480740726456 Q248.42133393587991,259.65970208649486 249.91048102083133,260.0100896358952 Q251.31203121843262,260.4480740726456 252.1004032045834,261.67443049554674 M272.4228810698025,243.45427792672962 Q274.70040014090466,244.0674561381802 275.83915967645567,246.0821845472321 Q277.06551609935684,248.096912956284 276.4523378879063,250.28683514003606 Q275.83915967645567,252.5643542111382 273.82443126740384,253.70311374668927 L261.7360608130924,260.9736553967461 L254.4655191630356,248.79768805508465 Q253.32675962748453,246.87055653338285 253.85234095158503,244.5930374622807 Q254.4655191630356,242.31551839117856 256.3926506847374,241.0891619682774 Q258.4073790937893,239.95040243272632 260.6848981648915,240.47598375682682 Q262.9624172359936,241.0891619682774 264.10117677154466,243.1038903773293 L265.59032385649607,245.55660322313162 L268.1306335896485,244.0674561381802 Q270.1453619987003,242.84109971527906 272.4228810698025,243.45427792672962 \" fill=\"#ffffff\"/>\n    </g>\n   </g>\n  </g>\n </g>\n</svg>","printColors":["#222321","#ffffff"],"printColorNames":["No Name","No Name"],"printColorCategories":["No Category","No Category"],"cmykValue":["",""],"printUnit":"inch","PrintDimension":{"boundheight":"11.69","boundwidth":"16.54"},"printSize":"","designPrice":4,"webFontPrice":0,"isTransit":0,"noOfLines":[],"scalingPrice":0,"isWhiteBase":false,"label":null,"customizeImage":"http://screenshotsinc.com//designer-tool/designer-assets/screenshotsinc_com/images/capturedImage/cart/ci_587a1e726bfd60.35508004.png","totalBackgroundPrice":0,"imagePresent":0}],"simpleData":{"_R!@#&":[""],"isObject":[1]},"nameNumberData":{},"envInfo":{"browserIp":"58.68.18.163","browserHeight":900,"browserWidth":1600,"browserLang":"en-US","userAgent":"Mozilla/5.0 (Windows NT 6.1) AppleWebKit/537.36 (KHTML, like Gecko) Chrome/55.0.2883.87 Safari/537.36","browserName":"Chrome"},"notes":"","unitPrice":"4.00"}