{"order_details":{"shipping_address":{"first_name":"Ipsita","last_name":"Rout","fax":null,"region":"Odisha","postcode":"751019","telephone":"999999999999","city":"Bhubaneswar","address_1":"Bhubaneswar","state":"Odisha","company":"Riaxe","email":"ipsitar@riaxe.com","country":null},"billing_address":{"first_name":"Ipsita","last_name":"Rout","fax":null,"region":"Odisha","postcode":"751019","telephone":"999999999999","state":"Odisha","city":"Bhubaneswar","address_1":"Bhubaneswar","company":"Riaxe","email":"ipsitar@riaxe.com","country":null},"order_id":"1","order_incremental_id":"000000001","order_status":"Pending","order_date":"2017-01-14 12:51:12","customer_name":"Guest","customer_email":"ipsitar@riaxe.com","shipping_method":"flatrate_flatrate","order_items":[{"itemStatus":"Ordered","ref_id":"1","item_id":"1","print_status":null,"product_price":"504.0000","config_product_id":"2","product_id":"1","product_sku":"ssku","product_name":"InkXE test product purple","quantity":1,"xe_size":"L","xe_color":"Blue"}]}}