{"order_details":{"shipping_address":{"first_name":"Cody","last_name":"Barks","fax":null,"region":"Missouri","postcode":"65775","telephone":"4043086689","city":"West Plains ","address_1":"626 Joe Jones Blvd","state":"Missouri","company":"ScreenShots","email":"cody@codestr.com","country":null},"billing_address":{"first_name":"Cody","last_name":"Barks","fax":null,"region":"Missouri","postcode":"65775","telephone":"4043086689","state":"Missouri","city":"West Plains ","address_1":"626 Joe Jones Blvd","company":"ScreenShots","email":"cody@codestr.com","country":null},"order_id":"7","order_incremental_id":"000000007","order_status":"Pending","order_date":"2017-06-20 01:07:42","customer_name":"Cody Barks","customer_email":"cody@codestr.com","shipping_method":"freeshipping_freeshipping","order_items":[{"itemStatus":"Ordered","ref_id":"112","item_id":"21","print_status":null,"product_price":"18.0000","config_product_id":"439","product_id":"1869","product_sku":"G800-Electric Green-L","product_name":"G800-Electric Green-L","quantity":12,"xe_size":"L","xe_color":"Electric Green"},{"itemStatus":"Ordered","ref_id":"112","item_id":"23","print_status":null,"product_price":"18.0000","config_product_id":"439","product_id":"1867","product_sku":"G800-Electric Green-S","product_name":"G800-Electric Green-S","quantity":12,"xe_size":"S","xe_color":"Electric Green"}]}}