{"version":1.2,"sizeData":[{"is_predeco_product_template":false,"qty":12,"totalQty":0,"id":590,"refid":0,"addedprice":"7.83","simple_product":{"xe_color":"Ash Grey","xe_size":"L","simpleProductId":"2077"}},{"is_predeco_product_template":false,"qty":0,"totalQty":0,"id":590,"refid":0,"addedprice":"7.83","simple_product":{"xe_color":"Ash Grey","xe_size":"M","simpleProductId":"2076"}},{"is_predeco_product_template":false,"qty":0,"totalQty":0,"id":590,"refid":0,"addedprice":"7.83","simple_product":{"xe_color":"Ash Grey","xe_size":"S","simpleProductId":"2075"}},{"is_predeco_product_template":false,"qty":0,"totalQty":0,"id":590,"refid":0,"addedprice":"7.83","simple_product":{"xe_color":"Ash Grey","xe_size":"XL","simpleProductId":"2078"}},{"is_predeco_product_template":false,"qty":0,"totalQty":0,"id":590,"refid":0,"addedprice":"7.83","simple_product":{"xe_color":"Ash Grey","xe_size":"2XL","simpleProductId":"2079"}},{"is_predeco_product_template":false,"qty":0,"totalQty":0,"id":590,"refid":0,"addedprice":"7.83","simple_product":{"xe_color":"Ash Grey","xe_size":"3XL","simpleProductId":"2080"}},{"is_predeco_product_template":false,"qty":0,"totalQty":0,"id":590,"refid":0,"addedprice":"7.83","simple_product":{"xe_color":"Ash Grey","xe_size":"4XL","simpleProductId":"2081"}},{"is_predeco_product_template":false,"qty":0,"totalQty":0,"id":590,"refid":0,"addedprice":"7.83","simple_product":{"xe_color":"Ash Grey","xe_size":"5XL","simpleProductId":"2082"}}],"printType":"Screen Print A","multipleBoundary":"false","printTypeId":"1","productInfo":{"productId":"590","variantId":"2077"},"sides":[{"url":"https://screenshotsinc.com//designer-tool/designer-assets/screenshotsinc_com/images/productTemplate/14/44.png","svg":"<svg width=\"500\" height=\"500\" xmlns=\"http://www.w3.org/2000/svg\" xmlns:xhtml=\"http://www.w3.org/1999/xhtml\" xmlns:xlink=\"http://www.w3.org/1999/xlink\" class=\"mainContent\">\n <!-- Created with Product Designer Tool by Riaxe-->\n <defs>\n  <mask patternUnits=\"userSpaceOnUse\" x=\"0\" y=\"0\" width=\"500\" height=\"500\">\n   <image id=\"xe_p0xl\" xlink:href=\"#\" x=\"0\" y=\"0\" width=\"500\" height=\"500\" xmlns:xlink=\"http://www.w3.org/1999/xlink\"/>\n  </mask>\n  <image id=\"xe_h142\" xlink:href=\"#\" width=\"500\" height=\"500\" preserveAspectRatio=\"none\" xmlns:xlink=\"http://www.w3.org/1999/xlink\"/>\n  <clipPath id=\"boundryClipPath0\" class=\"boundryClipPath\">\n   <rect aHeight=\"5.83\" aWidth=\"8.27\" height=\"140\" width=\"200\" y=\"119.27991\" x=\"156.72622\" id=\"boundRectangle\"/>\n  </clipPath>\n  <filter id=\"filter8483\" style=\"color-interpolation-filters:sRGB;\">\n   <feColorMatrix values=\"0\" result=\"colormatrix\" id=\"feColorMatrix8485\" type=\"matrix\"/>\n  </filter>\n  <g id=\"xe_v8vo\" type=\"patternG\" xmlns:xlink=\"http://www.w3.org/1999/xlink\"/>\n </defs>\n <g id=\"layer_background\">\n  <title>background</title>\n  <rect id=\"canvas_background\" x=\"-1\" y=\"-1\" width=\"502\" height=\"502\" fill-opacity=\"0\" stroke=\"#000000\" stroke-width=\"0\" fill=\"#fff\" opacity=\"0\"/>\n  <g id=\"bleedM\">\n   <rect isBleed=\"false\" id=\"cropM\" isbleed=\"false\" class=\"bleedRect\" width=\"0\" height=\"0\" x=\"0\" y=\"0\" fill=\"none\" stroke=\"#ff0000\" stroke-width=\"0.5\" display=\"none\"/>\n   <rect id=\"safeM\" class=\"bleedRect\" width=\"0\" height=\"0\" x=\"0\" y=\"0\" fill=\"none\" stroke=\"#2B8F49\" stroke-width=\"0.5\" stroke-dasharray=\"3,3\" display=\"none\"/>\n   <path isBleed=\"false\" pointer-events=\"bounding-box\" id=\"cropMMask\" isbleed=\"false\" class=\"bleedPath\" width=\"0\" height=\"0\" awidth=\"0\" aheight=\"0\" x=\"0\" y=\"0\" ax=\"0\" ay=\"0\" fill=\"none\" stroke=\"#ff0000\" display=\"none\"/>\n   <path pointer-events=\"bounding-box\" id=\"safeMMask\" class=\"bleedPath\" width=\"0\" height=\"0\" awidth=\"0\" aheight=\"0\" x=\"0\" y=\"0\" ax=\"0\" ay=\"0\" fill=\"none\" stroke=\"#2B8F49\" stroke-width=\"2\" stroke-dasharray=\"5,5\" display=\"none\"/>\n   <rect id=\"hAlignTleft\" class=\"bleedRect\" width=\"0\" height=\"0.5\" x=\"0\" y=\"0\" fill=\"#ff0000\" display=\"none\"/>\n   <rect id=\"hAlignBleft\" class=\"bleedRect\" width=\"0\" height=\"0.5\" x=\"0\" y=\"0\" fill=\"#ff0000\" display=\"none\"/>\n   <rect id=\"vAlignBleft\" class=\"bleedRect\" width=\"0.5\" height=\"0\" x=\"0\" y=\"0\" fill=\"#ff0000\" display=\"none\"/>\n   <rect id=\"vAlignTleft\" class=\"bleedRect\" width=\"0.5\" height=\"0\" x=\"0\" y=\"0\" fill=\"#ff0000\" display=\"none\"/>\n   <rect id=\"hAlignTright\" class=\"bleedRect\" width=\"0\" height=\"0.5\" x=\"0\" y=\"0\" fill=\"#ff0000\" display=\"none\"/>\n   <rect id=\"hAlignBright\" class=\"bleedRect\" width=\"0\" height=\"0.5\" x=\"0\" y=\"0\" fill=\"#ff0000\" display=\"none\"/>\n   <rect id=\"vAlignTright\" class=\"bleedRect\" width=\"0.5\" height=\"0\" x=\"0\" y=\"0\" fill=\"#ff0000\" display=\"none\"/>\n   <rect id=\"vAlignBright\" class=\"bleedRect\" width=\"0.5\" height=\"0\" x=\"0\" y=\"0\" fill=\"#ff0000\" display=\"none\"/>\n  </g>\n </g>\n <g id=\"layer_area_0\" clip-path=\"url(#boundryClipPath0)\">\n  <title>area_0</title>\n  <g id=\"background\" type=\"bg_area_0\"/>\n  <g id=\"pbgpattern\" type=\"bgptrn_area_0\"/>\n  <g id=\"backgroundBorder\" type=\"bgBrdr_area_0\"/>\n  <g xe_p=\"&amp;#35;&amp;#103;&amp;#81;&amp;#84;&amp;#19;&amp;#58;&amp;#122;&amp;#61;&amp;#93;&amp;#111;&amp;#75;&amp;#102;&amp;#59;&amp;#34;&amp;#26;&amp;#28;&amp;#19;&amp;#116;&amp;#33;&amp;#53;&amp;#93;&amp;#18;&amp;#11;&amp;#34;&amp;#40;&amp;#41;&amp;#89;&amp;#89;&amp;#95;&amp;#84;&amp;#61;&amp;#61;&amp;#76;&amp;#18;&amp;#29;&amp;#34;&amp;#32;&amp;#103;&amp;#2;&amp;#0;&amp;#29;&amp;#34;&amp;#33;&amp;#103;&amp;#2;&amp;#0;&amp;#29;&amp;#34;&amp;#44;&amp;#32;&amp;#64;&amp;#68;&amp;#112;&amp;#110;&amp;#59;&amp;#45;&amp;#87;&amp;#66;&amp;#19;&amp;#58;&amp;#122;&amp;#54;&amp;#76;&amp;#81;&amp;#67;&amp;#116;&amp;#122;&amp;#105;&amp;#26;&amp;#83;&amp;#94;&amp;#108;&amp;#55;&amp;#55;&amp;#75;&amp;#18;&amp;#11;&amp;#91;&amp;#122;&amp;#102;&amp;#91;&amp;#8;&amp;#0;&amp;#48;&amp;#106;&amp;#32;&amp;#26;&amp;#28;&amp;#19;&amp;#35;&amp;#106;&amp;#116;&amp;#9;&amp;#5;&amp;#4;&amp;#49;&amp;#122;&amp;#24;&amp;#20;&amp;#18;&amp;#66;&amp;#116;&amp;#42;&amp;#42;&amp;#83;&amp;#85;&amp;#102;&amp;#105;&amp;#60;&amp;#49;&amp;#80;&amp;#18;&amp;#11;&amp;#48;&amp;#116;&amp;#103;&amp;#94;&amp;#95;&amp;#95;&amp;#116;&amp;#122;&amp;#127;&amp;#67;&amp;#18;&amp;#93;&amp;#97;&amp;#58;&amp;#32;&amp;#84;&amp;#18;&amp;#11;&amp;#34;&amp;#11;&amp;#17;&amp;#121;&amp;#115;&amp;#4;&amp;#53;&amp;#109;&amp;#11;&amp;#26;&amp;#28;&amp;#19;&amp;#110;&amp;#57;&amp;#40;&amp;#93;&amp;#18;&amp;#11;&amp;#34;&amp;#11;&amp;#49;&amp;#89;&amp;#83;&amp;#82;&amp;#97;&amp;#44;&amp;#42;&amp;#24;&amp;#5;&amp;#4;&amp;#53;&amp;#122;&amp;#105;&amp;#26;&amp;#86;&amp;#80;&amp;#109;&amp;#49;&amp;#41;&amp;#65;&amp;#18;&amp;#11;&amp;#34;&amp;#11;&amp;#49;&amp;#89;&amp;#83;&amp;#82;&amp;#97;&amp;#44;&amp;#42;&amp;#13;&amp;#5;&amp;#4;&amp;#32;&amp;#26;&amp;#17;&amp;#26;&amp;#28;&amp;#19;&amp;#112;&amp;#42;&amp;#44;&amp;#91;&amp;#85;&amp;#19;&amp;#58;&amp;#122;&amp;#117;&amp;#22;&amp;#0;&amp;#1;&amp;#34;&amp;#116;&amp;#103;&amp;#28;&amp;#20;&amp;#89;&amp;#97;&amp;#43;&amp;#45;&amp;#115;&amp;#85;&amp;#72;&amp;#34;&amp;#98;&amp;#103;&amp;#8;&amp;#121;&amp;#101;&amp;#34;&amp;#37;&amp;#105;&amp;#26;&amp;#86;&amp;#94;&amp;#110;&amp;#44;&amp;#22;&amp;#81;&amp;#74;&amp;#84;&amp;#34;&amp;#98;&amp;#119;&amp;#13;&amp;#28;&amp;#19;&amp;#102;&amp;#55;&amp;#43;&amp;#76;&amp;#103;&amp;#84;&amp;#105;&amp;#63;&amp;#45;&amp;#76;&amp;#18;&amp;#11;&amp;#34;&amp;#54;&amp;#42;&amp;#74;&amp;#93;&amp;#80;&amp;#108;&amp;#122;&amp;#105;&amp;#26;&amp;#86;&amp;#94;&amp;#110;&amp;#44;&amp;#22;&amp;#76;&amp;#73;&amp;#93;&amp;#101;&amp;#122;&amp;#127;&amp;#26;&amp;#94;&amp;#94;&amp;#114;&amp;#53;&amp;#36;&amp;#84;&amp;#18;&amp;#29;&amp;#34;&amp;#43;&amp;#49;&amp;#89;&amp;#68;&amp;#68;&amp;#115;&amp;#122;&amp;#127;&amp;#26;&amp;#81;&amp;#85;&amp;#100;&amp;#122;&amp;#105;&amp;#26;&amp;#68;&amp;#84;&amp;#120;&amp;#44;&amp;#103;&amp;#2;&amp;#18;&amp;#97;&amp;#108;&amp;#57;&amp;#44;&amp;#86;&amp;#16;&amp;#101;&amp;#101;&amp;#32;&amp;#49;&amp;#26;&amp;#28;&amp;#19;&amp;#116;&amp;#61;&amp;#61;&amp;#76;&amp;#116;&amp;#84;&amp;#99;&amp;#55;&amp;#55;&amp;#89;&amp;#68;&amp;#88;&amp;#111;&amp;#54;&amp;#103;&amp;#2;&amp;#18;&amp;#95;&amp;#111;&amp;#54;&amp;#32;&amp;#26;&amp;#28;&amp;#19;&amp;#110;&amp;#55;&amp;#10;&amp;#94;&amp;#124;&amp;#88;&amp;#110;&amp;#61;&amp;#54;&amp;#26;&amp;#10;&amp;#0;&amp;#44;&amp;#122;&amp;#41;&amp;#87;&amp;#83;&amp;#90;&amp;#80;&amp;#42;&amp;#42;&amp;#72;&amp;#85;&amp;#67;&amp;#116;&amp;#49;&amp;#32;&amp;#75;&amp;#18;&amp;#11;&amp;#123;&amp;#122;&amp;#49;&amp;#93;&amp;#72;&amp;#69;&amp;#69;&amp;#60;&amp;#44;&amp;#76;&amp;#18;&amp;#11;&amp;#102;&amp;#57;&amp;#41;&amp;#75;&amp;#85;&amp;#29;&amp;#34;&amp;#59;&amp;#42;&amp;#84;&amp;#95;&amp;#67;&amp;#69;&amp;#60;&amp;#44;&amp;#76;&amp;#18;&amp;#11;&amp;#102;&amp;#57;&amp;#41;&amp;#75;&amp;#85;&amp;#29;&amp;#34;&amp;#42;&amp;#32;&amp;#75;&amp;#89;&amp;#75;&amp;#101;&amp;#122;&amp;#127;&amp;#94;&amp;#81;&amp;#93;&amp;#115;&amp;#61;&amp;#105;&amp;#26;&amp;#93;&amp;#94;&amp;#118;&amp;#61;&amp;#103;&amp;#2;&amp;#86;&amp;#80;&amp;#108;&amp;#43;&amp;#32;&amp;#20;&amp;#18;&amp;#67;&amp;#111;&amp;#44;&amp;#36;&amp;#76;&amp;#85;&amp;#19;&amp;#58;&amp;#62;&amp;#36;&amp;#84;&amp;#67;&amp;#84;&amp;#44;&amp;#122;&amp;#35;&amp;#87;&amp;#94;&amp;#69;&amp;#67;&amp;#48;&amp;#36;&amp;#86;&amp;#87;&amp;#84;&amp;#34;&amp;#98;&amp;#35;&amp;#89;&amp;#92;&amp;#66;&amp;#101;&amp;#116;&amp;#103;&amp;#92;&amp;#85;&amp;#93;&amp;#101;&amp;#44;&amp;#32;&amp;#26;&amp;#10;&amp;#87;&amp;#97;&amp;#52;&amp;#54;&amp;#93;&amp;#77;&amp;#76;\" scaled=\"true\" id=\"xe_zfcg\">\n   <g id=\"xe_hc5s\">\n    <path stroke-width=\"0\" stroke=\"#211551\" id=\"xe_2qsu\" pointer-events=\"bounding-box\" fill=\"#c8102e\" d=\"M175.73698953230164,188.14377177798082 Q179.41965357858916,187.30146032058528 181.94658795077584,186.3612056704693 Q184.49311096150657,185.40136238180926 185.78596110541605,184.38275317751697 Q184.06216091353676,182.95278256379893 181.90741067368768,181.7382869740658 Q179.77224907238266,180.5237913843327 177.34325789291643,179.58353673421672 L175.73698953230164,188.14377177798082 M176.9123078449466,179.42682762586406 Q173.58223929245256,178.21233203613093 169.899575246165,177.70302743398477 Q169.15520698148987,177.62467287980846 169.0180865116813,177.5659069641762 Q168.74384557206415,177.4483751329117 168.5479591866233,177.25248874747086 Q168.3520728011825,177.05660236203005 168.234540969918,176.82153869950105 Q167.62729317505142,175.46992263995935 167.1767544885375,173.76571108662418 Q166.72621580202363,172.06149953328898 166.72621580202363,171.591372208231 Q166.72621580202363,171.4542517384224 167.03963401872895,171.39548582279016 Q167.37264087397836,171.356308545702 168.234540969918,171.356308545702 Q173.03375741321824,171.356308545702 177.40202380854868,172.21820864164164 Q181.75070156533502,173.08010873758127 185.6096633585193,174.76473165237238 Q188.88096599538108,177.1349569162064 191.07489351231834,181.24857101046373 Q193.2688210292556,185.3621851047211 193.2688210292556,188.69225365721513 Q193.2688210292556,191.7872585471802 188.48919322449945,194.09871789538195 Q183.72915405828735,196.39058860503962 175.73698953230164,196.9978363999062 L174.6596144123771,195.7441635330849 L173.36676426846765,201.6207550963097 L174.6596144123771,202.93319387876323 L174.15030981023094,204.34357585393718 Q173.60182793099662,204.5590508779221 172.64198464233658,204.95082364880375 Q169.76245477635644,206.06737604581645 169.50780247528337,206.06737604581645 Q169.37068200547478,206.06737604581645 169.31191608984253,205.87148966037563 Q169.25315017421028,205.6560146363907 169.25315017421028,205.18588731133272 Q169.25315017421028,205.16629867278863 169.27273881275437,205.0879441186123 Q169.33150472838662,204.83329181753925 169.29232745129846,204.57863951646615 Q169.29232745129846,201.42486871086885 169.42944792110703,198.70204795324136 Q169.54697975237153,195.97922719561387 169.76245477635644,193.96159742557336 Q169.33150472838662,193.78529967867664 168.39125007827064,192.17903131806185 Q167.45099542815467,190.57276295744708 167.45099542815467,190.33769929491808 Q167.45099542815467,190.23975610219767 167.62729317505142,190.14181290947727 Q167.80359092194817,190.02428107821277 168.07783186156533,189.94592652403642 L170.64394351084016,189.2995014520817 Q170.99653900463363,187.02721938096812 171.34913449842713,185.44053965889742 Q171.7017299922206,183.85385993682672 172.0543254860141,182.71771890126993 Q173.5038847382762,181.38569148027233 174.79673488218566,180.5237913843327 Q176.06999638755104,179.66189128839304 176.9123078449466,179.42682762586406 zM201.82905607301973,173.88324291788865 L203.39614715654633,174.6276111825638 L203.96421767432471,174.15748385750584 L207.2746975882747,175.90087268792917 L207.41181805808327,180.79803232394983 Q204.47352227647087,187.81076492273144 203.02396302420877,192.41409498059085 Q201.57440377194663,196.9978363999062 201.57440377194663,199.30929574810793 Q201.57440377194663,200.56296861492922 201.8682333501079,201.75787556611826 Q202.1620629282691,202.93319387876323 202.73013344604752,204.06933491432002 Q203.18067213256143,204.28480993830493 203.68997673470756,204.38275313102534 Q204.17969269830962,204.50028496228984 204.70858593899987,204.50028496228984 Q205.2374791796901,204.50028496228984 206.00143608290932,204.22604402267268 Q206.76539298612855,203.97139172159962 207.64688172061227,203.46208711945346 L207.64688172061227,204.304398576849 Q207.2746975882747,204.57863951646615 207.0396339257457,205.06835548006822 Q206.8045702632167,205.57766008221438 206.62827251631995,206.3612056239777 Q205.98184744436523,206.674623840683 205.27665645677826,206.87051022612383 Q204.57146546919128,207.06639661156467 203.68997673470756,207.20351708137323 Q201.67234696466704,206.38079426252176 200.1640217967727,205.24465322696497 Q198.63610799033424,204.10851219140818 197.4607896776893,202.58059838496973 Q196.59888958174966,200.99391866289903 196.1875281723239,199.15258663975527 Q195.7565781243541,197.3112546166115 195.7565781243541,195.13691573821833 Q195.7565781243541,191.55219488465121 197.30408056933663,186.10655336939624 Q198.87117165286324,180.66091185414126 201.82905607301973,173.88324291788865 zM215.16891892154,187.712821730011 Q213.73894830782197,189.24073553644945 212.64198454935334,191.27795394503406 Q211.5450207908847,193.33476099216273 210.95736163456223,195.58745442473224 L216.0895849331119,191.1212448366814 L215.16891892154,187.712821730011 M217.6566760166385,196.44935452067187 Q214.07195516307138,199.05464344703486 211.79967309195777,200.5825572534733 Q209.5273910208442,202.11047105991176 209.19438416559478,202.11047105991176 Q208.5087818165519,202.11047105991176 208.1953635998466,201.32692551814844 Q207.86235674459718,200.56296861492922 207.86235674459718,199.05464344703486 Q207.86235674459718,196.05758174979022 209.48821374375603,192.5708040889435 Q211.1140707429149,189.0840264280968 214.42455065686485,185.04876688801576 Q214.3657847412326,184.8920577796631 214.3461961026885,184.7941145869427 Q214.32660746414444,184.6961713942223 214.32660746414444,184.61781684004595 Q214.32660746414444,184.48069637023738 214.3853733797767,184.3435759004288 Q214.44413929540895,184.20645543062022 214.52249384958526,184.12810087644388 L216.71642136652252,182.22800293766787 L217.02983958322784,181.91458472096255 Q217.14737141449234,181.91458472096255 217.4020237155654,182.0908824678593 Q217.6566760166385,182.28676885330012 218.40104428131363,182.85483937107853 Q218.73405113656304,182.71771890126993 219.2237671001651,182.46306660019687 Q219.83101489503167,182.14964838349152 219.96813536484024,182.14964838349152 Q220.51661724407455,182.14964838349152 221.9465878577926,183.71673946701816 Q223.3961471100547,185.28383055054476 224.649819976876,187.55611262165834 Q224.04257218200942,189.02526051246454 223.7291539653041,190.96453572832874 Q223.43532438714288,192.9038109441929 223.43532438714288,195.5090998705559 Q223.43532438714288,199.19176391684343 224.16010401327392,202.67854157769014 Q224.25804720599433,203.1682575412922 224.27763584453842,203.32496664964486 Q224.27763584453842,203.4229098423653 224.19928129036208,203.46208711945346 Q224.10133809764167,203.5208530350857 223.9838062663772,203.5208530350857 Q223.88586307365676,203.5208530350857 222.96519706208488,203.22702345692446 Q222.044531050513,202.9527825173073 221.1434536774852,202.7373074933224 Q220.41867405135415,202.56100974642564 220.08566719610474,201.8362301202946 Q220.04648991901658,201.7186982890301 220.0269012804725,201.67952101194194 L217.6566760166385,196.44935452067187 zM234.89467793543122,203.67756214343837 L231.8584389610984,202.34553472244073 Q230.78106384117388,201.89499603592685 229.78204327542565,198.3298638209038 Q229.625334167073,197.80097058021357 229.56656825144074,197.56590691768457 L227.25510890323898,197.428786447876 L227.21593162615082,194.6080224975281 Q227.21593162615082,194.45131338917543 227.2355202646949,194.2750156422787 Q227.25510890323898,194.23583836519052 227.25510890323898,194.21624972664645 Q227.25510890323898,193.96159742557336 228.5871363242366,192.15944267951778 Q229.89957510669012,190.35728793346217 231.36872299749632,188.92731731974413 Q232.6419845028617,187.7324103685551 234.62043699581406,186.73338980280687 Q236.59888948876642,185.75395787560274 237.1669600065448,185.75395787560274 Q237.22572592217705,185.75395787560274 237.3824350305297,185.9302556224995 Q237.4020236690738,185.98902153813174 237.44120094616196,186.0281988152199 L238.2835124035575,187.12516257368853 Q238.34227831918975,187.20351712786487 238.38145559627793,187.36022623621753 Q238.4206328733661,187.5169353445702 238.4206328733661,187.712821730011 Q238.4206328733661,187.86953083836366 238.16598057229302,189.14279234372904 Q236.83395315129542,195.78334081017306 236.22670535642885,202.7373074933224 L234.89467793543122,203.67756214343837 M238.16598057229302,176.19470226609042 L239.4196534391143,178.87834574662975 Q236.99066225964805,181.13103917919923 235.75657803137085,182.20841429912377 Q234.50290516454956,183.3053780575924 233.42553004462502,184.16727815353204 L229.89957510669012,181.91458472096255 L233.28840957481646,178.03603428923418 Q234.0131892009475,177.2329001089268 237.69585324723505,176.33182273589898 Q238.02886010248443,176.23387954317857 238.16598057229302,176.19470226609042 zM251.58419797498962,194.56884522043993 L246.0602019055583,201.11145049416353 L242.08370828110955,200.97433002435497 Q241.84864461858055,200.97433002435497 241.75070142586014,200.89597547017863 Q241.6527582331397,200.81762091600228 241.6527582331397,200.64132316910556 Q241.6527582331397,200.60214589201738 241.6919355102279,200.4846140607529 Q241.71152414877196,200.38667086803247 241.71152414877196,200.32790495240022 L243.1219061239459,192.39450634204675 Q243.1610834010341,192.17903131806185 243.2394379552104,191.74808127009203 Q243.7095652802684,189.14279234372904 243.7095652802684,188.59431046449473 Q243.7095652802684,187.9674740310841 243.33738114793084,187.67364445292284 Q242.96519701559328,187.39940351330569 242.96519701559328,187.06639665805628 Q242.96519701559328,186.85092163407137 243.2394379552104,186.10655336939624 Q243.4940902562835,185.3621851047211 243.9446289427974,184.38275317751697 Q244.8457063158252,183.97139176809122 245.60966321904442,183.81468265973857 Q246.39320876080774,183.63838491284181 247.23552021820328,183.63838491284181 Q248.66549083192132,183.63838491284181 249.27273862678788,184.44151909314922 Q249.87998642165445,185.2446532734566 249.87998642165445,187.20351712786487 Q249.87998642165445,188.10459450089266 249.84080914456626,188.86855140411188 Q249.8212205060222,189.61291966878701 249.74286595184586,190.23975610219767 Q251.79967299897453,189.5149764760666 253.46470727522154,189.1819696208172 Q255.12974155146858,188.82937412702373 256.54012352664256,188.82937412702373 Q258.6165192123153,188.82937412702373 259.41965339262265,189.4366219218903 Q260.2227875729301,190.02428107821277 260.2227875729301,191.76766990863612 Q260.2227875729301,193.25640643798639 259.968135271857,196.39058860503962 Q259.71348297078396,199.52477077209284 259.71348297078396,201.17021640979578 Q259.71348297078396,201.67952101194194 259.8506034405925,201.85581875883867 Q259.968135271857,202.03211650573542 260.3011421271064,202.14964833699992 L260.2227875729301,202.8352506860428 Q258.7144624050357,203.6383848663502 257.30408042986176,204.10851219140818 Q255.91328709323187,204.57863951646615 255.26686202127718,204.57863951646615 Q253.8760686846473,204.57863951646615 253.15128905851623,202.89401660167505 Q252.42650943238516,201.18980504833988 251.58419797498962,194.56884522043993 zM282.43630368191975,205.57766008221438 Q283.2394378622272,199.83818898879815 283.96421748835826,194.0399519797497 Q284.6694084759452,188.26130360924532 285.27665627081177,182.36512340747646 Q284.1209265967109,182.58059843146137 283.6312106331088,182.6393643470936 Q283.14149466950676,182.71771890126993 282.73013326008106,182.71771890126993 Q279.96813522536536,182.71771890126993 278.57734188873553,180.46502546870045 Q277.18654855210565,178.231920674675 277.18654855210565,173.78529972516824 Q277.18654855210565,173.53064742409518 277.2061371906497,173.23681784593393 Q277.2453144677379,172.9429882677727 277.284491744826,172.5120382198029 Q278.4402214189269,172.13985408746532 279.88978067118904,171.90479042493632 Q281.31975128490706,171.68931540095141 282.82807645280144,171.68931540095141 Q285.08076988537096,171.68931540095141 287.6468815346458,172.10067681037714 Q290.1934045453765,172.4924495812588 293.1121116884448,173.31517240011027 Q293.5038844593265,173.41311559283068 294.18948680836934,173.58941333972743 Q297.59790991503974,174.5296679898434 297.7546190233924,175.1956817003422 L298.59693048078793,178.97628893935016 L299.3804760225513,179.32888443314363 L299.3412987454631,181.46404603444864 Q298.14639179427405,181.42486875736049 297.01025075871723,181.38569148027233 Q295.8741097231605,181.34651420318414 294.81632324178,181.34651420318414 Q294.346195916722,181.34651420318414 293.77812539894364,181.36610284172824 Q293.2100548811652,181.38569148027233 292.42650933940195,181.44445739590458 Q292.7986934717395,182.61977570854953 293.13170032698895,183.95180312954716 Q293.4451185436942,185.28383055054476 293.73894812185546,186.8117443569832 Q293.3471753509738,189.33867872916986 291.99555929143213,193.04093141400148 Q290.6635318704345,196.7431840988331 288.0778315826156,202.38471199952892 L285.64884040314934,203.22702345692446 L284.14051523525495,206.26326243125726 L282.43630368191975,205.57766008221438 zM303.10231734592696,194.66678841316036 Q304.45393340546866,192.923399582737 305.49213124830504,191.41507441484262 Q306.5303290911414,189.90674924694827 307.137576886008,188.82937412702373 Q305.57048580248136,188.94690595828823 304.57146523673316,190.41605384909442 Q303.57244467098496,191.88520173990062 303.10231734592696,194.66678841316036 M296.0895847471454,198.81957978450586 L296.0895847471454,198.2319206281834 Q296.0895847471454,195.6462203403645 296.7360098191001,193.1388746067219 Q297.4020235295989,190.6511175116234 298.61651911933205,188.69225365721513 Q299.6743056007125,187.02721938096812 300.7125034435489,185.89107834541133 Q301.77028992492933,184.75493730985454 302.2012399728992,184.75493730985454 Q302.51465818960446,184.75493730985454 303.6507992251613,184.9900009723835 Q304.7869402607181,185.2250646349125 306.15814495880386,185.59724876725008 Q307.58811557252193,185.98902153813174 308.66549069244644,186.4003829475575 Q309.7624544509151,186.79215571843912 310.1150499447086,187.06639665805628 Q310.1934044988849,187.10557393514446 310.5068227155902,187.8499421998196 Q310.8202409322955,188.59431046449473 311.1924250646331,189.22114689790538 Q309.1160293789603,191.72849263154797 306.39320862133286,195.11732709967424 Q303.68997650224946,198.50616156780055 303.3177923699119,198.7804025074177 L304.25804702002785,201.40528007232479 Q306.5303290911414,200.68050044619372 308.6067247768142,199.8969549044304 Q310.68312046248695,199.1134093626671 310.7222977395751,199.1134093626671 Q310.87900684792777,199.1134093626671 310.93777276356,199.30929574810793 Q310.99653867919227,199.48559349500468 310.99653867919227,199.99489809715084 Q310.99653867919227,200.4846140607529 310.9573614021041,200.93515274726678 Q310.8985954864719,201.40528007232479 310.8202409322955,201.85581875883867 Q309.01808618623994,203.44249848090936 307.97988834340356,204.03015763723187 Q306.9416905005672,204.6374054320984 306.0993790431716,204.6374054320984 Q303.82709697205803,204.6374054320984 300.8300352748134,202.9723711558514 Q297.83297357756874,201.30733687960435 296.0895847471454,198.81957978450586 zM314.1894867618778,201.54240054213335 L314.1307208462455,198.4278070136242 L317.1277825434902,194.90185207568933 Q316.14835061628605,193.19764052235416 315.5411028214195,191.66972671591571 Q314.9338550265529,190.12222427093317 314.718380002568,188.86855140411188 Q315.63904601413986,187.10557393514446 317.22572573621056,185.51889421307376 Q318.8319940968253,183.93221449100307 319.223766867707,183.93221449100307 Q319.4392418916919,183.93221449100307 319.6547169156768,184.1085122378998 Q319.8701919396617,184.28480998479654 320.0660783251026,184.61781684004595 L322.8476649983623,189.57374239169886 L326.70662679154657,185.18588735782436 Q327.39222914058945,184.4611077316933 328.0974201281764,183.50126444303325 Q328.82219975430746,182.56100979291728 328.959320224116,182.56100979291728 Q329.52739074189446,182.56100979291728 329.78204304296753,182.73730753981403 Q330.0366953440406,182.93319392525484 330.0366953440406,183.3445553346806 Q330.0366953440406,183.38373261176875 330.0366953440406,183.5600303586655 Q329.99751806695247,184.26522134625247 329.99751806695247,184.8137032254868 Q329.99751806695247,187.53652398311428 326.70662679154657,190.63152887307933 Q325.37459937054894,191.88520173990062 324.61064246732974,192.7079245587521 Q326.04061308104775,195.76375217162897 327.50976097185395,197.95767968856623 Q328.97890886266015,200.17119584404756 330.5851772232749,201.67952101194194 L330.13463853676103,202.52183246933748 Q329.9191635127761,202.44347791516117 329.7232771273353,202.38471199952892 Q329.52739074189446,202.34553472244073 329.40985891062996,202.34553472244073 Q329.25314980227733,202.34553472244073 329.09644069392465,202.44347791516117 Q328.959320224116,202.56100974642564 328.959320224116,202.69813021623423 Q328.959320224116,203.0507257100277 329.4686248262622,203.3837325652771 Q329.99751806695247,203.73632805907062 331.074893186877,204.10851219140818 L331.23160229522966,205.04876684152416 L330.21299309093735,205.04876684152416 Q327.31387458641314,205.04876684152416 324.33640152771255,203.14866890274814 Q321.3785171075561,201.24857096397213 318.8711713739135,197.80097058021357 Q318.02885991651794,198.5845161219769 316.91230751950525,199.48559349500468 Q315.77616648394843,200.38667086803247 314.1894867618778,201.54240054213335 zM331.309956849406,182.61977570854953 L336.99066202718996,181.44445739590458 Q337.715441653321,179.9361322280102 338.4989871950843,178.62369344555665 Q339.2825327368476,177.3308433016472 340.1836101098754,176.19470226609042 Q341.496048892329,175.50909991704754 342.3383603497245,174.98020667635728 Q343.18067180712006,174.45131343566706 343.8075082405307,173.9420088335209 L345.21789021570464,173.7461224480801 L345.5117197938659,173.7461224480801 Q345.7076061793067,173.7461224480801 345.7859607334831,173.8440656408005 Q345.8643152876594,173.961597472065 345.8643152876594,174.196661134594 Q345.8643152876594,174.54925662838747 345.21789021570464,176.7823614224129 Q344.5518765052059,178.99587757789425 344.1992810114124,180.89597551667026 L345.64884026367446,180.837209601038 Q345.8643152876594,181.24857101046373 346.09937895018834,181.50322331153683 Q346.35403125126146,181.7578756126099 346.68703810651084,181.91458472096255 L346.726215383599,186.63544661008646 Q346.1973221429088,186.96845346533587 345.92308120329164,187.39940351330569 Q345.6292516251304,187.8499421998196 345.5117197938659,188.53554454886248 Q344.57146514374995,188.79019684993557 343.7683309634425,188.90772868120004 Q342.94560814459106,189.04484915100863 342.20123987991593,189.0644377895527 Q341.2022193141677,191.3367198606663 340.63414879638935,194.1574838110142 Q340.085666917155,196.9782477613621 340.085666917155,199.54435941063693 Q340.085666917155,199.9165435429745 340.085666917155,200.17119584404756 Q340.10525555569905,200.40625950657656 340.1444328327873,200.62173453056147 Q341.5548148079612,199.9165435429745 342.63218992788575,198.97628889285852 Q343.7095650478103,198.01644560419848 344.53228786666176,196.72359546028903 L345.1787129386165,196.958659122818 Q344.8457060833671,197.80097058021357 344.68899697501445,198.60410476052095 Q344.53228786666176,199.42682757937243 344.53228786666176,200.28872767531206 Q344.53228786666176,200.68050044619372 344.5518765052059,200.93515274726678 Q344.57146514374995,201.17021640979578 344.63023105938214,201.42486871086885 Q343.9250400717952,202.58059838496973 343.1219058914878,203.2662007340126 Q342.31877171118043,203.97139172159962 341.71152391631387,203.97139172159962 Q341.0650988443591,203.97139172159962 339.16500090558316,202.7373074933224 Q337.28449160535115,201.5228119035893 335.580280052016,199.85777762734224 Q334.8946777029731,199.21135255538752 334.52249357063556,197.2133114238911 Q334.150309438298,195.21527029239465 334.150309438298,192.19861995660594 Q334.150309438298,191.41507441484262 334.2090753539302,190.47481976472667 Q334.2678412695625,189.55415375315476 334.38537310082694,188.26130360924532 Q333.7585366674163,188.47677863323023 333.3275866194465,188.73143093430332 Q332.8966365714767,188.9664945968323 332.5440410776832,189.26032417499354 L331.46666595775866,188.79019684993557 Q331.44707731921454,188.24171497070125 331.4274886806705,187.4973467060261 Q331.34913412649416,185.2446532734566 331.309956849406,182.61977570854953 z\"/>\n   </g>\n  </g>\n </g>\n</svg>","printColors":["#c8102e"],"printColorNames":["PTHF Red Y/S"],"printColorCategories":["Mixopake & Unimatch"],"cmykValue":[""],"printUnit":"inch","PrintDimension":{"boundheight":"5.83","boundwidth":"8.27"},"printSize":"A5","designPrice":0,"webFontPrice":0,"isTransit":0,"noOfLines":[1],"scalingPrice":0,"isWhiteBase":false,"customizeImage":"https://www.screenshotsinc.com//designer-tool/designer-assets/screenshotsinc_com/images/capturedImage/cart/ci_5942472ab0a791.58571858.png","totalBackgroundPrice":0,"totalBackgroundPatternPrice":0,"imagePresent":0}],"simpleData":{"_R!@#&":["PD"],"isObject":[1],"isMultiBoundObject":[]},"nameNumberData":{},"envInfo":{"browserIp":"58.68.18.163","browserHeight":900,"browserWidth":1600,"browserLang":"en-US","userAgent":"Mozilla/5.0 (Windows NT 6.1) AppleWebKit/537.36 (KHTML, like Gecko) Chrome/58.0.3029.110 Safari/537.36","browserName":"Chrome"},"notes":"","multiBoundPriceArr":[],"unitPrice":"7.83"}