{"version":1.2,"sizeData":[{"is_predeco_product_template":false,"qty":12,"totalQty":0,"id":439,"refid":0,"addedprice":"7.58","simple_product":{"xe_color":"Ash Grey","xe_size":"L","simpleProductId":"1813"}},{"is_predeco_product_template":false,"qty":0,"totalQty":0,"id":439,"refid":0,"addedprice":"7.58","simple_product":{"xe_color":"Ash Grey","xe_size":"M","simpleProductId":"1812"}},{"is_predeco_product_template":false,"qty":0,"totalQty":0,"id":439,"refid":0,"addedprice":"7.58","simple_product":{"xe_color":"Ash Grey","xe_size":"S","simpleProductId":"1811"}},{"is_predeco_product_template":false,"qty":12,"totalQty":0,"id":439,"refid":0,"addedprice":"7.58","simple_product":{"xe_color":"Ash Grey","xe_size":"XL","simpleProductId":"1814"}},{"is_predeco_product_template":false,"qty":0,"totalQty":0,"id":439,"refid":0,"addedprice":"7.58","simple_product":{"xe_color":"Ash Grey","xe_size":"2XL","simpleProductId":"1815"}},{"is_predeco_product_template":false,"qty":0,"totalQty":0,"id":439,"refid":0,"addedprice":"7.58","simple_product":{"xe_color":"Ash Grey","xe_size":"3XL","simpleProductId":"1816"}},{"is_predeco_product_template":false,"qty":0,"totalQty":0,"id":439,"refid":0,"addedprice":"7.58","simple_product":{"xe_color":"Ash Grey","xe_size":"4XL","simpleProductId":"1817"}},{"is_predeco_product_template":false,"qty":0,"totalQty":0,"id":439,"refid":0,"addedprice":"7.58","simple_product":{"xe_color":"Ash Grey","xe_size":"5XL","simpleProductId":"1818"}}],"printType":"Screen Print A","multipleBoundary":"false","printTypeId":"1","productInfo":{"productId":"439","variantId":"1813"},"sides":[{"url":"https://screenshotsinc.com//designer-tool/designer-assets/screenshotsinc_com/images/productTemplate/16/54.png","svg":"<svg width=\"500\" height=\"500\" xmlns=\"http://www.w3.org/2000/svg\" xmlns:xhtml=\"http://www.w3.org/1999/xhtml\" xmlns:xlink=\"http://www.w3.org/1999/xlink\" class=\"mainContent\">\n <!-- Created with Product Designer Tool by Riaxe-->\n <defs>\n  <mask patternUnits=\"userSpaceOnUse\" x=\"0\" y=\"0\" width=\"500\" height=\"500\">\n   <image id=\"xe_1ke4\" xlink:href=\"#\" x=\"0\" y=\"0\" width=\"500\" height=\"500\" xmlns:xlink=\"http://www.w3.org/1999/xlink\"/>\n  </mask>\n  <image id=\"xe_a7yp\" xlink:href=\"#\" width=\"500\" height=\"500\" preserveAspectRatio=\"none\" xmlns:xlink=\"http://www.w3.org/1999/xlink\"/>\n  <clipPath id=\"boundryClipPath0\" class=\"boundryClipPath\">\n   <rect aHeight=\"13\" aWidth=\"12\" height=\"162\" width=\"150\" y=\"170.27991\" x=\"174.72622\" id=\"boundRectangle\"/>\n  </clipPath>\n  <filter id=\"filter8483\" style=\"color-interpolation-filters:sRGB;\">\n   <feColorMatrix values=\"0\" result=\"colormatrix\" id=\"feColorMatrix8485\" type=\"matrix\"/>\n  </filter>\n  <g id=\"xe_fqj9\" type=\"patternG\" xmlns:xlink=\"http://www.w3.org/1999/xlink\"/>\n </defs>\n <g id=\"layer_background\">\n  <title>background</title>\n  <rect id=\"canvas_background\" x=\"-1\" y=\"-1\" width=\"502\" height=\"502\" fill-opacity=\"0\" stroke=\"#000000\" stroke-width=\"0\" fill=\"#fff\" opacity=\"0\"/>\n  <g id=\"bleedM\">\n   <rect isBleed=\"false\" id=\"cropM\" isbleed=\"false\" class=\"bleedRect\" width=\"0\" height=\"0\" x=\"0\" y=\"0\" fill=\"none\" stroke=\"#ff0000\" stroke-width=\"0.5\" display=\"none\"/>\n   <rect id=\"safeM\" class=\"bleedRect\" width=\"0\" height=\"0\" x=\"0\" y=\"0\" fill=\"none\" stroke=\"#2B8F49\" stroke-width=\"0.5\" stroke-dasharray=\"3,3\" display=\"none\"/>\n   <path isBleed=\"false\" pointer-events=\"bounding-box\" id=\"cropMMask\" isbleed=\"false\" class=\"bleedPath\" width=\"0\" height=\"0\" awidth=\"0\" aheight=\"0\" x=\"0\" y=\"0\" ax=\"0\" ay=\"0\" fill=\"none\" stroke=\"#ff0000\" display=\"none\"/>\n   <path pointer-events=\"bounding-box\" id=\"safeMMask\" class=\"bleedPath\" width=\"0\" height=\"0\" awidth=\"0\" aheight=\"0\" x=\"0\" y=\"0\" ax=\"0\" ay=\"0\" fill=\"none\" stroke=\"#2B8F49\" stroke-width=\"2\" stroke-dasharray=\"5,5\" display=\"none\"/>\n   <rect id=\"hAlignTleft\" class=\"bleedRect\" width=\"0\" height=\"0.5\" x=\"0\" y=\"0\" fill=\"#ff0000\" display=\"none\"/>\n   <rect id=\"hAlignBleft\" class=\"bleedRect\" width=\"0\" height=\"0.5\" x=\"0\" y=\"0\" fill=\"#ff0000\" display=\"none\"/>\n   <rect id=\"vAlignBleft\" class=\"bleedRect\" width=\"0.5\" height=\"0\" x=\"0\" y=\"0\" fill=\"#ff0000\" display=\"none\"/>\n   <rect id=\"vAlignTleft\" class=\"bleedRect\" width=\"0.5\" height=\"0\" x=\"0\" y=\"0\" fill=\"#ff0000\" display=\"none\"/>\n   <rect id=\"hAlignTright\" class=\"bleedRect\" width=\"0\" height=\"0.5\" x=\"0\" y=\"0\" fill=\"#ff0000\" display=\"none\"/>\n   <rect id=\"hAlignBright\" class=\"bleedRect\" width=\"0\" height=\"0.5\" x=\"0\" y=\"0\" fill=\"#ff0000\" display=\"none\"/>\n   <rect id=\"vAlignTright\" class=\"bleedRect\" width=\"0.5\" height=\"0\" x=\"0\" y=\"0\" fill=\"#ff0000\" display=\"none\"/>\n   <rect id=\"vAlignBright\" class=\"bleedRect\" width=\"0.5\" height=\"0\" x=\"0\" y=\"0\" fill=\"#ff0000\" display=\"none\"/>\n  </g>\n </g>\n <g id=\"layer_area_0\" clip-path=\"url(#boundryClipPath0)\">\n  <title>area_0</title>\n  <g id=\"background\" type=\"bg_area_0\"/>\n  <g id=\"pbgpattern\" type=\"bgptrn_area_0\"/>\n  <g id=\"backgroundBorder\" type=\"bgBrdr_area_0\"/>\n  <g xe_p=\"&amp;#35;&amp;#103;&amp;#81;&amp;#84;&amp;#19;&amp;#58;&amp;#122;&amp;#61;&amp;#93;&amp;#111;&amp;#83;&amp;#49;&amp;#97;&amp;#45;&amp;#26;&amp;#28;&amp;#19;&amp;#116;&amp;#33;&amp;#53;&amp;#93;&amp;#18;&amp;#11;&amp;#34;&amp;#60;&amp;#32;&amp;#75;&amp;#89;&amp;#86;&amp;#110;&amp;#122;&amp;#105;&amp;#26;&amp;#83;&amp;#94;&amp;#108;&amp;#55;&amp;#55;&amp;#75;&amp;#18;&amp;#11;&amp;#91;&amp;#122;&amp;#102;&amp;#126;&amp;#118;&amp;#7;&amp;#49;&amp;#105;&amp;#116;&amp;#26;&amp;#28;&amp;#19;&amp;#35;&amp;#107;&amp;#118;&amp;#122;&amp;#0;&amp;#114;&amp;#65;&amp;#122;&amp;#24;&amp;#20;&amp;#18;&amp;#65;&amp;#114;&amp;#49;&amp;#38;&amp;#93;&amp;#18;&amp;#11;&amp;#34;&amp;#104;&amp;#107;&amp;#8;&amp;#0;&amp;#19;&amp;#44;&amp;#122;&amp;#44;&amp;#75;&amp;#99;&amp;#82;&amp;#97;&amp;#52;&amp;#36;&amp;#90;&amp;#92;&amp;#84;&amp;#34;&amp;#98;&amp;#103;&amp;#9;&amp;#18;&amp;#29;&amp;#34;&amp;#59;&amp;#42;&amp;#84;&amp;#95;&amp;#67;&amp;#69;&amp;#60;&amp;#44;&amp;#76;&amp;#18;&amp;#11;&amp;#102;&amp;#57;&amp;#41;&amp;#75;&amp;#85;&amp;#29;&amp;#34;&amp;#42;&amp;#32;&amp;#75;&amp;#89;&amp;#75;&amp;#101;&amp;#122;&amp;#127;&amp;#94;&amp;#81;&amp;#93;&amp;#115;&amp;#61;&amp;#105;&amp;#26;&amp;#64;&amp;#94;&amp;#115;&amp;#49;&amp;#49;&amp;#81;&amp;#95;&amp;#95;&amp;#34;&amp;#98;&amp;#35;&amp;#89;&amp;#92;&amp;#66;&amp;#101;&amp;#116;&amp;#103;&amp;#84;&amp;#95;&amp;#82;&amp;#107;&amp;#8;&amp;#55;&amp;#87;&amp;#64;&amp;#84;&amp;#114;&amp;#44;&amp;#44;&amp;#93;&amp;#67;&amp;#19;&amp;#58;&amp;#35;&amp;#103;&amp;#91;&amp;#95;&amp;#93;&amp;#111;&amp;#42;&amp;#0;&amp;#92;&amp;#89;&amp;#69;&amp;#34;&amp;#98;&amp;#35;&amp;#89;&amp;#92;&amp;#66;&amp;#101;&amp;#116;&amp;#103;&amp;#74;&amp;#85;&amp;#66;&amp;#105;&amp;#34;&amp;#32;&amp;#26;&amp;#10;&amp;#87;&amp;#97;&amp;#52;&amp;#54;&amp;#93;&amp;#28;&amp;#19;&amp;#109;&amp;#55;&amp;#51;&amp;#93;&amp;#18;&amp;#11;&amp;#102;&amp;#57;&amp;#41;&amp;#75;&amp;#85;&amp;#29;&amp;#34;&amp;#42;&amp;#42;&amp;#76;&amp;#81;&amp;#69;&amp;#101;&amp;#122;&amp;#127;&amp;#94;&amp;#81;&amp;#93;&amp;#115;&amp;#61;&amp;#105;&amp;#26;&amp;#84;&amp;#84;&amp;#108;&amp;#61;&amp;#49;&amp;#93;&amp;#18;&amp;#11;&amp;#102;&amp;#57;&amp;#41;&amp;#75;&amp;#85;&amp;#76;&amp;#125;\" scaled=\"true\" id=\"xe_b19h\">\n   <g id=\"xe_e9st\">\n    <g id=\"xe_y826\">\n     <path id=\"xe_2nbx\" pointer-events=\"bounding-box\" d=\"M281.14740986324307,189.01148378027722 C281.16547736264226,188.68506429113197 281.1154906143045,188.41224505020426 280.99744961822984,188.1942305574541 C280.99744961822984,188.25746680535124 280.9926316183901,188.37611005140587 280.98420011867046,188.5489557956581 C280.98420011867046,188.67603054143237 281.016119367609,188.8259907864456 281.0793556155062,188.99823428071784 L281.14740986324307,189.01148378027722 zM275.24596230948924,180.9431407985811 C283.23239929390905,184.0874879440193 290.6828337961531,188.92054403330133 297.59666356624126,195.44411581636712 C312.09824083400724,209.17300635982798 319.97567057205197,226.3768792877321 321.2289527803755,247.0563368500595 C322.33769499350547,263.874167540801 318.757318862567,278.97438128866 310.4896311374998,292.3587848435764 C310.47156363810063,292.1040331020479 310.439644389162,291.8908366091375 310.3944756406641,291.71799086488534 L310.31256964338775,291.55478112031267 C310.16742739821433,291.50901012183476 310.09455515063763,291.5318956210737 310.09455515063763,291.6228353680496 C310.06745390153884,291.7408763641243 310.0626359016991,291.87276910973833 310.0813056510782,292.0179113549118 C310.063238151679,292.1269186012869 309.9861501542425,292.16726934994506 309.84943940878867,292.14016810084627 C309.6217889163589,292.18533684934425 309.51338391996387,292.1769053496246 309.5224176696634,292.1130668517475 C309.5675864181614,291.9311873577957 309.58565391756053,291.77580686296267 309.57722241784097,291.6493343671684 C309.5404851690626,291.51262362171457 309.5043501702642,291.40421862531946 309.4676129214859,291.3217103780632 L309.4405116723871,291.30846087850375 C308.85030669201376,291.18138613272953 308.29985021031854,291.1681366331701 307.7915512272215,291.2681101298456 L307.6548404817677,291.29581362892435 L305.66500654793737,299.2955001129036 C305.21030781305785,299.9224423420553 304.73874607873915,300.54035082150745 304.24731009508133,301.14922555126 C301.85758217454907,304.1110909527664 299.3227120088434,306.7905011136655 296.6420973479843,309.18986503387737 C296.6246320985651,309.153127785099 296.6101780990457,309.108561286581 296.60174659932613,309.0537565384035 L296.3295296083784,309.108561286581 C296.2024548626041,309.1711952844982 296.1476501144266,309.27177103115366 296.16631986380577,309.40787952662754 C296.2295561117029,309.38981202722834 296.2837586099005,309.4307650258665 296.3295296083784,309.530738522542 C296.0838116165495,309.7029820168142 295.8429116245603,309.9035312601452 295.607431882391,310.12997725261494 C295.6164656320906,310.04807125533864 295.62489713181014,309.9535180084829 295.6345331314898,309.8439085121279 C295.6977693793869,309.7162315163736 295.77545962680335,309.5572375216608 295.8663993737793,309.36692652798934 L295.96155487061503,309.1892627838974 C295.8248441251611,309.2344315323953 295.72487062848563,309.0531542884235 295.66163438058857,308.64422655202196 C295.4797548866367,308.5623205547456 295.38881513966084,308.621943302763 295.38881513966084,308.821288046134 C295.3436463911629,309.1489120352392 295.2984776426649,309.32115552951143 295.25270664418696,309.3398252788906 C295.2250031451082,309.4211290261869 295.1569488973713,309.43498077572633 295.0479416509962,309.3795737775688 C295.0479416509962,309.3621085281496 295.02023815191745,309.3482567786102 294.9660356537199,309.3398252788906 C294.9660356537199,309.31212177981183 294.94796815432073,309.31693977965165 294.91183315552234,309.35307477845004 L294.8841296564436,309.48918327392386 C294.9841031531191,309.47111577452466 295.12924539829254,309.58012302089975 295.3207608919239,309.8162050130491 L295.3478621410227,309.8716120112066 C295.2569223940468,309.9890507573013 295.07564515007493,310.10769400335596 294.80282590914726,310.22573499943064 C294.5757776666975,310.41604599310205 294.453520920763,310.57564223779485 294.43485117138385,310.70211473358916 L294.35354742408754,310.7575217317467 C294.4625546704626,310.76655548144623 294.5896294162369,310.80690623010446 294.7347716614103,310.87977847768116 C294.42581742168426,311.16102921832845 294.098795682559,311.4434844589357 293.7537064440346,311.72473519958305 C293.7633424437141,311.6699304514055 293.766955943594,311.62897745276734 293.766955943594,311.60187620366855 C293.7488884441948,311.238117215765 293.6037461990213,311.0749074711923 293.33092695809364,311.1116447199707 C293.04847171748634,311.06647597147276 292.8942957226133,310.92494722617914 292.86719447351453,310.6894674840097 C292.85755847383496,310.771373481286 292.82142347503657,310.87074472798156 292.75758497715947,310.98938797403616 C292.7395174777603,311.1158604698305 292.6624294803238,311.18451696754744 292.52571873486994,311.193550717247 C292.7443354776001,311.52057245637224 292.85755847383496,311.79278944731993 292.86659222353455,312.0108039400701 C292.82082122505665,312.146912435544 292.834672974596,312.26555568159864 292.9069429721927,312.36492692829415 C292.9159767218923,312.54740867222597 292.9749972199297,312.7377196658973 293.0840044663048,312.93766665924835 L292.988848969469,312.9780174079065 C292.9617477203703,313.0147546566849 292.6666452301836,313.1604991518383 292.10293924892903,313.41464864338684 C291.6855800128078,313.6507306355362 291.43022602129935,313.8597113785868 291.33928627432346,314.04159087253856 C291.03936578429693,314.44088260926054 290.9122910385227,314.98652109111595 290.9580620370007,315.67669956816485 L290.9851632860994,315.9362693095331 L290.6984922956324,315.6911535676842 C290.3534030571079,315.27319208158303 289.98964406920436,315.00458859051514 289.6084198318815,314.88654759444046 C289.48074283612726,314.8233113465433 289.3578838402128,314.764290848506 289.2404450941181,314.70948610032843 C289.20370784533975,314.42823535968114 289.19949209547997,314.1734836181526 289.22659334457876,313.94583312572286 C289.29946559215546,313.4369318926458 289.32656684125425,313.0424581557636 289.30910159183503,312.7606051651363 C289.29946559215546,312.67869916786003 289.3139195916748,312.50585342360785 289.3494523404932,312.2426701823597 C289.2043100953197,312.22520493294047 289.0898825991249,312.2751916812782 289.00918110180857,312.3926304273729 C288.9634101033306,312.43779917587085 288.953774103651,312.53777267254634 288.9814776027298,312.6925509173994 C288.8911401057338,313.0743774047022 288.7634631099796,313.26950639821337 288.59965111542704,313.27914239789294 C288.46354261995316,313.3158796466713 288.28648112584114,313.24180289913465 288.067864383111,313.0605256551628 C287.7504786436653,312.82384141303345 287.5728148995733,312.701584667099 287.53667990077497,312.69315316737936 C287.4096051550007,312.6660519182806 287.3276991577244,312.6522001687412 287.291564158926,312.6522001687412 C287.18195466257094,312.7341061660175 287.1096846649742,312.90695191026975 287.07354966617584,313.17013515151785 L286.78687867570875,312.6660519182806 C286.5423651838398,312.2113531834011 286.359883439908,311.7572566985016 286.2424446938133,311.3025579636221 C286.205707445035,311.10321322025106 286.11055194819926,310.771373481286 285.95577370334627,310.3082432466869 L285.4787917192077,308.8766950442915 C285.3246157243347,308.577376804245 285.19272297872067,308.3316588124161 285.0837157323456,308.1407455687647 C284.8837687389946,308.33105656243606 284.7699434927797,308.56292280472564 284.74284224368097,308.8357420456533 C284.7338084939813,308.9447492920284 284.72537699426175,309.1224130361204 284.7157409945822,309.36752877796937 L284.79824924183845,309.6535975184564 C284.55253125000957,309.7355035157327 284.3074155081606,309.7168337663536 284.06169751633166,309.5993950202589 C283.97136001933575,309.55362402178093 283.788878275404,309.4488325252657 283.51666128445623,309.285622780693 C283.0986997983551,308.98570229066655 282.76264430953023,308.89536479367064 282.50789256800175,309.01280353976534 L282.56269731617925,308.71348529971885 C282.72590706075187,307.9040613266353 282.8264828074074,307.41382984293745 282.8626178062057,307.24158634866524 C282.9258540541029,306.96876710773756 282.96680705274105,306.6598128680115 282.9854768021202,306.31472362948705 L283.03967930031774,305.53782115532204 L282.8626178062057,304.31164019609736 L282.48079131890296,303.97076670743274 C282.1808708288765,303.6070077195292 281.9405730868673,303.2619184810047 281.7586935929155,302.93489674187947 L281.4449213533497,302.44466525818154 C281.36361760605337,302.2176170157318 281.26785985923766,301.9496157746439 281.1588526128626,301.6400592849379 C281.1136838643646,301.2130640491371 281.07273086572644,300.77703506363673 281.0365958669281,300.3319723284368 L280.98179111875055,299.2822506133442 L281.10465011466505,299.06483837057397 C281.0221418674088,298.92812762512017 280.9366223702526,298.86549362720297 280.8450803732967,298.8739251269226 C280.7089718778229,298.86549362720297 280.5547958829498,298.8787431267624 280.3819501386976,298.91487812556073 C280.29944189144135,298.533051638258 280.2681248924828,298.16507690049457 280.28619239188197,297.8109539122705 C280.2681248924828,297.66581166709705 280.28137439204215,297.52428292180343 280.32654314054014,297.3887766763096 C280.3819501386976,296.87084169353295 280.5174563841915,296.4342104580526 280.7360731269216,296.0800874698286 C280.8812153720951,296.19812846590327 280.9631213693714,296.3938597093944 280.9811888687706,296.66607670034216 C280.94445161999226,296.82085494519515 280.93602012027264,297.0665729370241 280.95348536969186,297.40202617586897 C280.95348536969186,297.6025754191999 280.9860068686104,297.75675141407294 281.04864086652753,297.86636091042806 C281.1582503628826,298.02957065500067 281.3214601074552,298.15664540077495 281.5394746002054,298.2481873977308 C281.75748909295555,298.1572476507549 281.90684708798887,298.04763815439986 281.98935533524514,297.9205634086256 C282.0893288319206,297.78445491315176 282.13449758041855,297.6344946681385 282.12606608069893,297.4712849235658 C282.13509983039853,297.2346006814365 282.1073963313198,296.91721494199084 282.0435578334427,296.5173209552888 C281.99838908494473,296.09935946918773 281.9664698360061,295.8078704788809 281.94840233660693,295.6452629842882 L282.0164565843439,295.31763899518296 C281.9345505870676,295.2544027472858 281.8393950902319,295.2315172480469 281.7303878438568,295.2495847474461 C281.68461684537886,295.2495847474461 281.5894613485432,295.3043894956236 281.44311460340975,295.4127944920187 L281.170897612462,295.6308089847688 C281.0438228666878,295.65851248384763 280.9161458709335,295.6675462335472 280.78907112515924,295.65851248384763 L280.78907112515924,295.4127944920187 C280.8348421236372,295.2682544968252 280.84387587333674,295.0905907527332 280.816774624238,294.8816100096826 C280.816774624238,294.61782451845454 280.77582162559986,294.363675026906 280.69391562832357,294.1179570350771 L280.6258613805866,293.8860907927875 L279.5225394172764,291.7872496125822 L279.5225394172764,291.73304711438465 C279.5496406663751,291.5963363689308 279.6399781633711,291.4331266243581 279.7947564082241,291.2428156306868 C279.8037901579237,291.10550263525295 279.86702640582087,290.9555423902397 279.98506740189555,290.792934895647 C280.18561664522645,290.6483949004535 280.29883964146137,290.5520349036579 280.3253386405802,290.50626390517994 C280.2982373914814,290.5791361527567 280.284987891922,290.67429164959236 280.284987891922,290.792934895647 C280.35725788951873,290.9380771408205 280.3891771384573,291.1061048852329 280.38074563873766,291.2976203788643 C280.3711096390581,291.45179637373735 280.3349746402597,291.5421338707332 280.2711361423826,291.569837369812 C280.4162783875561,291.68787836588666 280.49818438483237,291.7559326136236 280.51625188423156,291.7746023630027 C280.73426637698174,291.9643111066942 280.9384291201925,291.98298085607337 281.12994461382385,291.8288048612003 C281.2931543583965,291.7559326136236 281.47021585250855,291.58850711919115 281.6617313461399,291.32411937798304 C281.8249410907125,291.0519023870354 281.97068558586597,290.8477396438245 282.09776033164025,290.7110288983707 C282.0610230828619,290.60141940201567 281.9345505870676,290.56588665319725 281.7159338443374,290.60141940201567 C281.50695310128685,290.58335190261647 281.37927610553265,290.52914940441894 281.33470960701464,290.43820965744305 L281.6617313461399,286.19957429839417 C281.16186386276246,284.3097138612394 280.9077143712139,283.3196148941641 280.8980783715343,283.22867514718814 L281.0347891169882,279.0026870377188 C280.8890446218347,279.1393977831726 280.7390843768215,279.2526207794075 280.5849083819485,279.3435605263834 C279.33102392364503,280.0156715040331 277.40984648753164,291.42710412455847 274.8195693236685,313.5790628879194 C274.8195693236685,313.2153039000158 274.82438732350823,312.82926166285324 274.83342107320783,312.4203339264517 C274.5883053313589,313.4200688932066 274.19322934449673,314.9829075912361 273.6475908626413,317.1088500205402 L272.2033954106665,316.99924052418515 C271.4397424360609,316.20065705074114 270.7128267102337,315.1961040841465 270.0226482331848,313.98799062432096 C269.51314475012776,312.9340531593685 269.06386626506804,311.78435794760037 268.67360827804566,310.5389049890165 C268.6368710292673,310.3756952444439 268.57845278120993,310.19441800047207 268.49594453395366,309.9944710071211 C268.4146407866573,309.56747577132035 268.30984929014204,309.1356625356798 268.18277454436776,308.69963355017944 C267.55583231521604,305.91061389292526 267.08788408077714,303.920177709115 266.7789298410511,302.7301317486887 L266.45130585194585,302.70242824960997 C265.7430598754978,306.0196211393003 265.0703466478681,309.0814600374822 264.4337684190368,311.8891494441156 C264.252491175065,312.0710289380674 264.0748274309731,312.1981036838417 263.9031861866808,312.27097593141843 C263.9573886848783,312.44261717571067 264.04290818203447,312.5841459210043 264.1621536780691,312.69315316737936 C264.20672017658705,312.80216041375445 264.22117417610644,312.87924841119093 264.2025044267273,312.9250194096689 C264.42051891947744,313.45138589216515 264.42051891947744,313.9289701262836 264.2025044267273,314.35596536208436 C264.0934971803522,314.53784485603614 263.942934685359,314.6920208509092 263.7526236916876,314.8196978466635 C263.70745494318965,315.073847338212 263.66650194455144,315.3466665791397 263.63036694575305,315.6375533194666 C262.9937887169218,318.2627609821682 262.48970548368453,320.6067179042225 262.1169127460813,322.66942408562943 C261.0635775311089,319.9442429262524 260.5317907987928,317.2046077673559 260.52275704909323,314.45112085892004 C260.51372329939363,314.45112085892004 260.49565579999444,314.45593885875985 260.46855455089565,314.4643703584795 C260.44085105181694,314.39210036088275 260.43663530195715,314.29212686420726 260.4547028013563,314.165052118433 C260.49144005013466,313.9831726244812 260.5323930487728,313.8470641290073 260.5775617972708,313.75612438203143 C260.6227305457687,313.7103533835535 260.6456160450077,313.66518463505554 260.6456160450077,313.6188113865976 C260.68175104380606,313.409830643547 260.6775352939463,313.1695329015379 260.6323665454483,312.8973159105901 L260.52275704909323,312.8973159105901 C260.51372329939363,312.8973159105901 260.4775883005953,312.9063496602897 260.41374980271814,312.9244171596889 C259.61396182931423,312.9424846590881 258.9605206010437,313.17374865139766 258.4510171179867,313.6188113865976 C258.37814487041,313.6820476344948 258.28298937357425,313.7597378819113 258.16494837749957,313.8512798788671 C258.1372448784208,313.9964221240406 258.1239953788614,314.17769936801244 258.1239953788614,314.39631611074253 C258.0511231312847,315.09492608751106 257.9740351338482,315.74475381590173 257.8921291365719,316.34459479595466 C257.6921821432209,317.75325749911116 257.47838340033053,318.6295312199716 257.25193740786074,318.9746204584961 C256.8520434211588,318.7475722160463 256.5159879323339,318.32057698024556 256.24316869140625,317.69363475109384 C256.12512769533157,317.20340326739597 255.9932349497175,316.7715900317554 255.84809270454406,316.3993995441322 C255.8113554557657,316.46263579202935 255.77100470710752,316.5126225403671 255.72583595860957,316.54935978914546 C255.26210347403048,317.003456274045 254.93086598504544,317.22147076679516 254.73091899169447,317.20340326739597 L254.62130949533937,317.14859851921847 C254.34909250439165,317.45815500892445 254.10819251240252,317.7893924979095 253.89921176935195,318.1441177361135 L252.8356383047199,325.84328148008626 C252.69892755926605,325.84328148008626 252.5543875640726,325.8529174797659 252.40021156919954,325.8709849791651 C252.37250807012077,325.8800187288647 252.32733932162284,325.8800187288647 252.26350082374572,325.8709849791651 C252.25446707404612,325.9980597249393 252.2502513241863,326.13477047039316 252.2502513241863,326.27991271556664 C251.27821985651016,326.26184521616744 250.305586138854,326.23474396706865 249.33355467117786,326.1980067182903 C249.32452092147827,326.14380422009276 249.3016354222393,326.07514772237585 249.26550042344093,325.99324172509955 C242.55101539672373,326.1486222199325 236.14066660989283,325.3343802470093 230.0350563129282,323.5535270562296 L230.17176705838204,322.4905558415775 C230.24403705597877,321.97322310878087 230.27595630491732,321.46432187570383 230.26692255521772,320.96385214234635 C230.27595630491732,320.7006689010982 230.24403705597877,320.2471746661787 230.17176705838204,319.6009604376678 L230.07600931156634,318.3067252307062 L232.44766973269938,307.1446241018896 C232.45670348239898,307.0175493561153 232.40189873422145,306.9350411088591 232.28445998812674,306.8995083600406 C232.1302839932537,306.8097731130247 232.0477757459974,306.70859511638923 232.03934424627778,306.6001901199942 L232.14835149265286,305.68657690037537 C232.35733223570347,304.4236586923723 232.48440698147772,303.4419912250166 232.5295757299757,302.74277899826814 C232.56571072877406,302.5331960052375 232.6024479775524,302.2429115148907 232.6385829763508,301.8701187772875 C232.55667697907447,301.7611115309124 232.47537323177812,301.6256052854185 232.39346723450183,301.46119104088586 C232.28445998812674,301.42505604208753 232.10679624403474,301.0938185531025 231.8616805021858,300.4668763239507 L231.83457925308704,300.39882207621383 L231.83457925308704,300.4668763239507 C231.6888347579336,300.7758305636768 231.64366600943566,301.1070680526619 231.6978685076332,301.46119104088586 C231.70690225733279,301.5979017863398 231.7797745049095,301.81109827925013 231.91588300038336,302.101985019577 C232.12486374343393,302.5922165032749 232.2615744888878,302.8831032436018 232.3248107367849,302.9734407405977 L232.02489024675845,303.01439373923586 C231.83397700310707,302.92405624223994 231.72496975673198,302.6193177523737 231.6978685076332,302.1013827695971 L231.53465876306058,301.44673704136653 C231.4888877645826,301.21968879891676 231.36663101864815,301.0703308038835 231.16668402529717,300.9968563063269 L230.97637303162574,301.43348754180715 C230.86736578525066,301.61536703575894 230.79931153751374,301.81952977896975 230.77221028841495,302.0471802713995 C230.69933804083823,302.28326226354886 230.6535670423603,302.5789670037155 230.6354995429611,302.9330899919395 C230.6535670423603,303.1240032355909 230.67223679173946,303.39682247651865 230.69030429113866,303.75034321476267 C230.70837179053783,304.0779672038679 230.76739228857517,304.3821034437542 230.86736578525066,304.6639564343815 C230.97637303162574,304.86390342773245 231.04442727936265,305.3908721602087 231.07213077844142,306.2448626318102 C231.05346102906225,306.226795132411 230.99022478116513,306.21294338287163 230.88121753479004,306.204511883152 C230.7354730396366,306.1226058858757 230.55841154552456,305.9949288901214 230.34943080247402,305.8220831458692 C230.1037128106451,305.6679071509962 229.86341506863593,305.649839651597 229.62673082650662,305.7678806476717 C229.49002008105276,305.35895291127014 229.29970908738136,305.095769670022 229.0545933455324,304.9771264239673 L229.99470556427002,298.1217149019365 C229.86823306847572,298.1036474025373 229.73634032286168,298.1584521507149 229.59962957740782,298.2849246465091 C229.52675732983113,298.4668041404609 229.4316018329954,298.55774388743686 229.31295858694074,298.55774388743686 C229.01303809691427,297.92116565860556 228.86307785190104,297.18100043321897 228.86307785190104,296.3360437113171 C228.88114535130023,295.91868447519585 228.9263140997982,295.5139724886541 228.99918634737492,295.1231122516517 L229.42196583331582,292.67014808322233 C229.5851755778885,291.84325886071963 229.62612857652664,291.1615118833904 229.54422257925035,290.6255094012146 L229.48941783107279,290.1485274170761 C229.44424908257486,289.9485804237251 229.35330933559894,289.6896129323368 229.2172008401251,289.3716249429111 C229.1900995910263,289.507733438385 229.1172273434496,289.7667009297733 228.99918634737492,290.1485274170761 L228.94438159919738,290.57070465303707 C228.7179356067276,291.46143237341687 228.40837911702155,291.9070973585968 228.01751888001917,291.9070973585968 C227.9723501315212,291.42469512463856 227.95428263212204,290.97541663957884 227.96331638182164,290.5574551534777 L228.04522237909794,289.2487659469967 C228.10906087697504,288.9494477069502 228.19518262411117,288.65856096662327 228.30418987048625,288.376707975996 L228.3722441182232,288.03643673731136 C228.50835261369704,287.8822607424383 228.6354273594713,287.776866995943 228.75346835554598,287.7226644977455 C228.80827310372354,287.65942824984836 228.87150935162066,287.6094415015106 228.9437793492174,287.5721020027523 C228.85344185222147,287.29145351208496 228.82573835314273,286.9547957732801 228.86247560192106,286.56393553627777 L228.83537435282227,286.0195015543823 C228.91728035009862,285.3648558261518 228.94016584933757,284.97459783912944 228.9034286005592,284.8469208433752 L228.930529849658,284.5747038524275 C228.930529849658,284.27478336240097 228.8486238523817,284.0019641214733 228.68541410780904,283.75745062960436 C228.930529849658,283.6665108826284 229.08952384437083,283.49366513837623 229.16239609194753,283.23951564682767 C229.16239609194753,282.9943999049787 229.07627434481142,282.6354589169149 228.9034286005592,282.16269268263625 L228.78056960464477,281.9314286903267 L228.80767085374356,281.87662394214914 C228.97088059831617,281.79471794487284 229.05760459543228,281.6266902004604 229.06663834513188,281.37254070891186 C229.1033755939102,281.0997214679842 229.07567209483145,280.6998274812822 228.98473234785556,280.172858748806 C228.930529849658,279.89160800815864 228.91667810011865,279.6055392676716 228.9437793492174,279.3146525273447 C228.89861060071945,278.7599802957897 228.97148284829615,278.3691200587873 229.16179384196755,278.14207181633753 C229.00761784709454,277.79698257781314 228.91667810011865,277.5060958374862 228.88957685101985,277.2700138453369 C228.88054310132026,277.133905349863 228.8528396022415,276.8707221086149 228.80767085374356,276.47986187161257 C228.80767085374356,276.24257537950325 228.79381910420418,275.9480751392965 228.7667178551054,275.5933499010925 C228.73058285630702,275.4205041568403 228.67156235826968,275.2338066630487 228.5896563609934,275.0344619196777 C228.35357436884402,275.0976981675749 228.1897623742914,275.28861141122627 228.09942487729546,275.60659940065193 C228.02655262971876,275.7975126443033 228.04943812895772,276.0793656349306 228.1674791250324,276.4515561225538 L228.22168162322998,276.7376248630409 C227.91272738350392,276.76532836211965 227.7085646402931,276.9014368575935 227.60859114361762,277.1465525994425 C227.51765139664172,277.36516934217263 227.39057665086744,277.4783923384075 227.22736690629483,277.4874260881071 L226.5317681794262,282.0530831862812 C226.40469343365191,283.10702065123365 226.32760543621538,283.9068086246376 226.30050418711662,284.451242606533 L225.87832695115566,297.5212716719036 C225.91446194995402,297.5212716719036 225.97348244799136,297.7760234134321 226.05538844526768,298.2849246465091 C226.1095909434652,298.6119463856344 226.2053486902809,298.76672463048743 226.34145718575476,298.74865713108824 L226.05538844526768,302.3880537600641 C225.91867769981383,303.67807321716595 225.8464077022171,304.65913843454166 225.8373739525175,305.33185166217135 L225.67416420794484,308.4256098092918 C225.69223170734404,309.2796002808933 225.7199352064228,310.1787595009928 225.75607020522116,311.12368971957017 L225.9331316993332,313.9988311239605 C225.86989545143604,314.09940687061595 225.80123895371912,314.23069736625 225.7289689561224,314.39450936080266 C225.68319795764444,314.475813108099 225.67898220778466,314.7118951002483 225.71511720658302,315.1027553372507 C225.71511720658302,315.738731316102 225.7289689561224,316.13440955294413 225.75607020522116,316.2891877977972 C225.66513045824524,316.77881703151513 225.50131846369266,317.1473940192585 225.2652364715433,317.3925097611074 L225.3471424688196,317.61052425385765 C225.4471159654951,317.76530249871064 225.52902196277142,318.02848573995874 225.59225821066855,318.40127847756196 C225.64646070886613,318.85477271248146 225.68319795764444,319.19624845112605 225.70126545704363,319.42269444359584 C225.80123895371912,320.01350167394924 226.06502444494723,320.25440166593836 226.49201968074797,320.1447921695833 C226.39204618407248,320.3266716635351 226.31014018679616,320.52661865688606 226.24690393889904,320.7440308996563 C226.1836676910019,321.05418963934227 226.1059774435854,321.32640663028997 226.01503769660948,321.5618863724594 C225.90603045023443,321.3173728805904 225.83376045263765,321.1625946357374 225.79702320385934,321.09815388788036 C225.66994845808506,320.9530116427068 225.46578571487424,320.8807416451101 225.18393272424697,320.8807416451101 C225.08395922757148,320.8897753948097 224.75211948860644,321.1132101373796 224.18901575733184,321.54863687290003 L224.18901575733184,321.6028393710975 C216.2296800220108,318.4681282253389 208.7882792694664,313.6386856359367 201.86481349969864,307.11511385287093 C187.37287223161218,293.3771895597105 179.48640874386786,276.1775323816662 178.20542303646562,255.516142318738 C177.1147483227348,238.67060812891768 180.70355595339296,223.5523268816595 188.97184592844008,210.1594918270235 C188.97184592844008,210.40460756887242 188.99473142767906,210.6316558113222 189.039900176177,210.84123880435274 L189.1489074225521,211.01830029846477 C189.30368566740512,211.04540154756353 189.37173991514203,211.00023279906557 189.3530701657629,210.8815895530109 C189.38017141486168,210.7822183063154 189.38980741454122,210.66357506026077 189.38017141486168,210.52686431480691 C189.38017141486168,210.40882331873223 189.4482256625986,210.36365457023427 189.58433415807247,210.39075581933307 C189.82101840020178,210.35401857055473 189.93424139643668,210.36787032009408 189.92520764673708,210.4317088179712 C189.87943664825917,210.61298606194305 189.87040289855958,210.77198005665588 189.89810639763832,210.90808855212973 C189.91617389703748,211.04479929758355 189.93905939627646,211.14477279425904 189.96616064537523,211.2080090421562 L190.03421489311216,211.22186079169558 C190.61538612378595,211.33990178777026 191.16102460564136,211.35796928716942 191.66932358873842,211.27606328989313 L191.8054320842123,211.26221154035375 L193.79526601804255,203.23542380727577 C194.24936250294206,202.6181175778036 194.71309498752117,202.01345859791087 195.18586122179983,201.4226513675575 C197.5749868923521,198.45114996637153 200.11949305773734,195.77113755549237 202.81757296801567,193.38201188494014 C202.83564046741486,193.39887488437938 202.84949221695422,193.4404301329975 202.85852596665381,193.5042686308746 L203.15001495696066,193.4271806334381 C203.26805595303534,193.34587688614175 203.3090089516735,193.25433488918588 203.27287395287513,193.15496364249037 C203.209035454998,193.16459964216995 203.15904870666026,193.12304439355182 203.12231145788192,193.0321046465759 C203.37706319941043,192.8417936529045 203.62217894125936,192.63702865971374 203.85826093340873,192.41901416696356 C203.84019343400954,192.50092016423986 203.82634168447015,192.5822239115362 203.81791018475053,192.6641299088125 C203.76310543657303,192.80084065426632 203.6811994392967,192.9730841485386 203.57219219292165,193.18206489158916 L203.47703669608592,193.33142288662242 C203.6131451915598,193.31335538722323 203.71793668807504,193.5090866307144 203.79080893565177,193.91801436711597 C203.9720861796236,193.97281911529348 204.0720596762991,193.9041626175766 204.09072942567826,193.71324937392518 C204.12746667445657,193.3868298847799 204.16781742311477,193.21819989038752 204.2135884215927,193.20916614068793 C204.25875717009066,193.1362938931112 204.317777668128,193.118226393712 204.39064991570473,193.1543613925104 C204.39064991570473,193.19109864128873 204.4177511648035,193.20916614068793 204.47255591298102,193.20916614068793 C204.50929316175936,193.22663139010714 204.53639441085815,193.23144938994693 204.55446191025732,193.22181339026736 C204.55446191025732,193.18567839146897 204.55867766011716,193.1272601434116 204.5683136597967,193.04475189615533 C204.45870416344164,193.08209139491365 204.30934616840838,192.9724818985586 204.11843292475697,192.71773015703008 L204.11843292475697,192.66352765883255 C204.2003389220333,192.57258791185663 204.37740041614532,192.46358066548154 204.65021965707302,192.3365059197073 C204.88630164922236,192.13595667637634 205.01819439483643,191.96371318210407 205.0452956439352,191.81857093693066 L205.08624864257334,191.80532143737122 C204.98567289591787,191.77761793829248 204.87305214966295,191.73244918979452 204.74597740388867,191.66861069191742 C205.04589789391517,191.38735995127007 205.35906788350104,191.10490471066282 205.6860896226263,190.82425621999548 C205.6860896226263,190.86882271851346 205.6812716227865,190.90555996729182 205.6728401230669,190.93266121639058 C205.70897512186525,191.30545395399378 205.8637533667183,191.4825154481058 206.135970357666,191.46505019868658 C206.4178233482933,191.4825154481058 206.56296559346674,191.61440819371984 206.57199934316634,191.86012618554878 C206.58103309286594,191.76918643857286 206.6129523418045,191.67342869175718 206.66715484000204,191.5734551950817 C206.70389208878038,191.43734669960782 206.78519583607672,191.36869020189093 206.91287283183095,191.36869020189093 C206.71292583847998,191.04166846276567 206.6129523418045,190.7646334719782 206.6129523418045,190.53758522952842 C206.63101984120368,190.41051048375414 206.6129523418045,190.2876514878397 206.55814759362696,190.169610491765 C206.5310463445282,189.99736699749278 206.47142359651087,189.8106695037012 206.38108609951496,189.61072251035023 L206.4491403472519,189.5974730107908 C206.4858775960302,189.55230426229284 206.7809800862169,189.39752601743982 207.33505006779194,189.13374052621174 C207.7530115538931,188.88862478436278 208.01619479514122,188.6886777910118 208.12580429149628,188.53450179613876 C208.42572478152275,188.107506560338 208.552799527297,187.5576523286228 208.5070285288191,186.8855413509731 L208.4528260306215,186.59887036050606 L208.77984776974677,186.843986102355 C209.12493700827122,187.26194758845614 209.484480246315,187.53838032926367 209.85667073393822,187.67569332469748 C209.99338147939204,187.72025982321546 210.12045622516632,187.775064571393 210.238497221241,187.83890306927012 C210.24753097094057,188.12075605989742 210.238497221241,188.37912130130576 210.2113959721422,188.61520329345512 C210.13852372456552,189.105434777153 210.11142247546672,189.49207926429557 210.12948997486592,189.77393225492284 C210.14755747426508,189.86426975191878 210.13852372456552,190.03771774615095 210.10238872576713,190.29186723769948 C210.25656472064017,190.3093324871187 210.37038996685504,190.25512998892114 210.44326221443174,190.12865749312687 C210.5064984623289,190.0919202443485 210.5245659617281,189.9877309978132 210.4974647126293,189.814885253561 C210.56070096052645,189.47822751475618 210.6925937061405,189.28791652108475 210.8925406994915,189.24214552260685 C211.02021769524572,189.23311177290725 211.19246118951799,189.31501777018354 211.41047568226813,189.48726126445578 C211.71039617229462,189.70527575720592 211.87842391670702,189.83716850282 211.9145589155054,189.88293950129793 C212.05066741097926,189.90040475071714 212.14160715795515,189.90522275055693 212.18677590645314,189.89558675087736 C212.27771565342903,189.7865795045023 212.33673615146637,189.60951801039027 212.36383740056513,189.3644022685413 L212.67760964013098,189.88233725131795 C212.90405563260077,190.3183662368183 213.07750362683294,190.768246971858 213.19554462290762,191.23137720645713 C213.2407133714056,191.44096019948768 213.3358688682413,191.77159543849277 213.48161336339473,192.22569192339228 L213.98569659663198,193.65724012578772 C214.12180509210586,193.94752461613461 214.2488798378801,194.19324260796355 214.3669208339548,194.39318960131453 C214.59396907640456,194.21131010736272 214.71261232245922,193.9794438650732 214.72164607215882,193.69819312442587 C214.73971357155799,193.5801521283512 214.73971357155799,193.40248838425921 214.72164607215882,193.16640639210985 L214.66684132398126,192.89418940116212 C214.92099081552982,192.81168115390585 215.17092455721854,192.82613515342518 215.41664254904745,192.93514239980027 C215.48951479662418,192.97127739859866 215.65694029105663,193.07125089527415 215.92072578228473,193.2344606398468 C216.34772101808545,193.54401712955283 216.6885945067501,193.64338837624834 216.9433462482786,193.53438112987325 L216.9162449991798,193.8210521203403 C216.73436550522803,194.6112040940647 216.62596050883292,195.10203782774255 216.58922326005458,195.29234882141398 C216.51635101247786,195.5561343126421 216.47600026381969,195.86027055252836 216.4663642641401,196.20596204103276 L216.41216176594256,196.99611401475715 L216.60307500959397,198.2228972239618 L216.95719799781799,198.56377071262645 C217.26615223754405,198.91789370085047 217.5160859792328,199.26780093921468 217.7063969729042,199.61289017773913 L217.99306796337126,200.08987216187762 C218.0834054603672,200.2898191552286 218.19301495672227,200.5668541460161 218.32008970249652,200.9215793842201 C218.34719095159528,201.31183737124252 218.37911020053386,201.7484686067228 218.41524519933222,202.2296663407211 L218.4694476975298,203.252286806715 L218.3465887016153,203.49680029858396 C218.41946094919206,203.6335110440378 218.51461644602776,203.68771354223537 218.6326574421024,203.66061229313658 C218.7597321878767,203.66964604283618 218.90065868319033,203.650976293457 219.05543692804335,203.60580754495905 C219.15541042471884,204.00509928168105 219.196363423357,204.37307401944446 219.17769367397784,204.70973175824926 C219.17769367397784,204.86451000310228 219.16865992427824,205.01868599797533 219.15119467485903,205.17286199284837 C219.07832242728233,205.67272947622584 218.9283621822691,206.090690962327 218.70131393981933,206.4273487011318 C218.5646031943655,206.3364089541559 218.48811744690894,206.1551317101841 218.4694476975298,205.8817102192764 C218.49654894662856,205.71850047470377 218.5061849463081,205.46856673301505 218.49654894662856,205.13311349417017 C218.49654894662856,204.94159800053882 218.4694476975298,204.78742200566575 218.41464294935224,204.66877875961111 C218.29660195327756,204.49653526533888 218.12797195888518,204.37367626942444 217.909957466135,204.30140627182766 C217.69194297338484,204.37367626942444 217.5419827283716,204.48750151563928 217.4606789810753,204.64107526053238 C217.36973923409937,204.7687522562866 217.333604235301,204.91389450146005 217.35167173470018,205.07770649601267 C217.333604235301,205.30535698844238 217.35648973454,205.62756072772788 217.41972598243711,206.04552221382903 C217.4558609812355,206.444813950551 217.48778023017405,206.7224511913185 217.51488147927284,206.87662718619154 L217.4606789810753,207.23075017441556 C217.51488147927284,207.3036224219923 217.61063922608852,207.32168992139145 217.74674772156237,207.2855549225931 C217.7834849703407,207.2855549225931 217.8786404671764,207.23075017441556 218.03341871202946,207.12234517802045 L218.2785344538784,206.93203418434905 C218.42427894903182,206.89529693557068 218.5603874445057,206.88144518603133 218.68746219027994,206.8910811857109 L218.67421269072054,207.12294742800043 C218.63807769192218,207.26808967317388 218.620010192523,207.4409354174261 218.620010192523,207.64088241077707 C218.62904394222258,207.9130994017248 218.67903069056032,208.1811006428127 218.76997043753624,208.44488613404081 L218.8109234361744,208.6490488772516 L219.94194889856337,210.7623440569763 L219.94194889856337,210.80269480563447 C219.9238813991642,210.94783705080795 219.83294165218828,211.12008054508016 219.66973190761564,211.3206297884111 C219.65166440821645,211.456738283885 219.57879216063975,211.59706252921865 219.45171741486547,211.7428070243721 C219.2698379209137,211.89698301924514 219.1608306745386,211.99695651592063 219.1246956757402,212.04272751439856 C219.1608306745386,211.96985526682184 219.1698644242382,211.87469976998614 219.151796924839,211.75605652393148 C219.10602592636107,211.61934577847765 219.08374267710207,211.456136033905 219.08374267710207,211.26522279025363 C219.10181017650126,211.11104679538056 219.1337294254398,211.01167554868505 219.1788981739378,210.9659045502071 C219.04278967846392,210.85629505385205 218.9657016810274,210.80269480563447 218.94763418162822,210.80269480563447 C218.7109499394989,210.60335006226347 218.50257144642828,210.57082856334495 218.3206919524765,210.7069370588188 C218.16591370762347,210.77980930639552 217.99367021335124,210.94783705080795 217.80275696969986,211.21162254203603 C217.62991122544764,211.50190703238295 217.4757352305746,211.70185402573395 217.33902448512077,211.81146352208899 C217.39382923329828,211.94757201756286 217.52572197891234,211.9975587659006 217.73410047198294,211.96142376710222 C217.93404746533392,211.96142376710222 218.0611222111082,212.01141051543996 218.11592695928573,212.11138401211545 L217.80215471971988,216.33616762162492 C218.28395470369816,218.22602805877972 218.5423199451065,219.22094502569485 218.57905719388484,219.32091852237033 L218.4158474493122,223.51860088278102 C218.57002344418527,223.4011621366863 218.72480168903826,223.29155264033125 218.87957993389128,223.19157914365576 C220.13346439219472,222.53753566540524 222.05042607844828,211.1261030448799 224.6310672426319,188.95607678211974 C224.62143124295233,189.3379032694225 224.6129997432327,189.7329792562847 224.6039659935331,190.14190699268624 C224.85811548508167,189.11567302681254 225.26704322148322,187.54319832910346 225.83074920273782,185.42628964949893 L227.24844565559386,185.50819564677522 C228.02956387961865,186.34411861897752 228.75226385558602,187.37095483483122 229.41534108353613,188.58810204435633 C229.92424231661317,189.61493826021 230.39219055105207,190.74596372259902 230.8191857868528,191.98178068150327 C230.85592303563118,192.15462642575548 230.89627378428935,192.34975541926667 230.94204478276728,192.56837216199682 C231.0239507800436,192.99536739779757 231.13717377627847,193.42657838345812 231.28291827143192,193.86260736895846 C231.90022450090407,196.64259327651308 232.36817273534297,198.6330294603233 232.6867629747486,199.83210917044926 L233.01378471387386,199.84535867000864 C233.71359919060228,196.53840402997778 234.39052816809175,193.47656513179587 235.04457164634226,190.6592397254829 C235.22645114029405,190.4869962312107 235.40411488438605,190.35028548575684 235.57635837865828,190.25031198908135 C235.49445238138196,190.11360124362753 235.39929688454626,189.98652649785328 235.2902896381712,189.8684855017786 C235.23608713997362,189.7594782554035 235.21741739059448,189.67335650826737 235.23608713997362,189.60951801039027 C235.02710639692305,189.08254927791404 235.02710639692305,188.60978304363536 235.23608713997362,188.19182155753418 C235.3541281360483,188.00151056386278 235.50408838106154,187.83769856931016 235.68596787501332,187.7021923238163 C235.73173887349128,187.46490583170697 235.77208962214945,187.1920865907793 235.80882687092782,186.88433685101316 C236.4628703491783,184.248890938652 236.97658958209513,181.90975201643752 237.34878006971837,179.86571558440968 C238.39368378497124,182.5908967437868 238.92065251744748,185.33956565238284 238.92968626714705,188.11051781023787 L239.01159226442337,188.08341656113907 C239.02062601412297,188.12858530963706 239.01159226442337,188.21952505661295 238.98449101532458,188.3562358020668 C238.9477537665462,188.5465467957382 238.91643676758764,188.68747329105184 238.8887332685089,188.77781078804776 C238.82549702061175,188.8416492859249 238.7935777716732,188.88742028440282 238.7935777716732,188.9151237834816 C238.7664765225744,189.10483252717302 238.7803282721138,189.33730101944255 238.83453077031135,189.60951801039027 L238.92968626714705,189.63661925948904 L239.06639701260087,189.63661925948904 C239.8661849860048,189.60951801039027 240.51059246457575,189.3692202683811 241.0020284482336,188.9151237834816 C241.06526469613075,188.85128528560446 241.16945394266605,188.76937928832814 241.31519843781948,188.66940579165265 C241.34229968691824,188.5332972961788 241.35615143645765,188.3562358020668 241.35615143645765,188.13822130931663 C241.41938768435477,187.4293730828886 241.4880441820717,186.7789431045179 241.5603141796684,186.18934037412453 C241.7602611730194,184.7903136706476 241.97827566576956,183.91765344966694 242.21435765791892,183.57196196116254 C242.5961841452217,183.77190895451352 242.93705763388635,184.19408619047448 243.23697812391282,184.8390959190254 C243.3369516205883,185.3485994020824 243.45499261666296,185.78041263772295 243.5911011121368,186.133933375967 C243.6453036103344,186.0700948780899 243.6910746088123,186.02071037973212 243.7272096076107,185.98397313095376 C244.19033984220982,185.52987664605425 244.52217958117484,185.31186215330408 244.72212657452582,185.32992965270327 C244.7949988221025,185.3757006511812 244.8353495707607,185.3979839004402 244.84498557044026,185.3979839004402 C245.1087710616684,185.07999591101455 245.35388680351733,184.73852017236993 245.5809350459671,184.3759656844263 L246.63005451107978,176.7165504391317 C246.7667652565336,176.70691443945216 246.90287375200745,176.69848293973254 247.03898224748133,176.68884694005297 C247.09378699565886,176.67077944065377 247.15220524371625,176.6617456909542 247.21604374159335,176.6617456909542 C247.19797624219416,176.54370469487952 247.20279424203397,176.41602769912527 247.2298954911327,176.27991920365142 C248.1928932091093,176.27991920365142 249.16492467678546,176.28955520333096 250.14659214414118,176.30762270273016 C250.15562589384078,176.3798927003269 250.17369339323997,176.44794694806382 250.2013968923187,176.51178544594094 C256.8978144196367,176.37507470048712 263.30756095648763,177.18871442343044 269.43123875285147,178.95089786483095 L269.26802900827886,180.0277208290224 C269.2138265100813,180.55529181147858 269.1861230110025,181.06840879441546 269.1861230110025,181.5682762777929 C269.1861230110025,181.8410955187206 269.2138265100813,182.29037400378036 269.26802900827886,182.91731623293208 L269.3902857542133,184.22600543941306 L266.99212633396144,195.40195831776904 C266.9824903342819,195.5290330635433 267.0378973324394,195.61093906081962 267.1553360785341,195.64707405961798 C267.3185458231068,195.75608130599306 267.41008782006264,195.86027055252836 267.42815531946184,195.96024404920385 L267.3185458231068,196.84675601972387 C267.1185988297558,198.10064047802734 266.98188808430194,199.0817056954031 266.9096180867052,199.7905539218311 C266.87348308790683,199.99953466488168 266.84216608894826,200.29042140520858 266.8144625898695,200.6626118928318 C266.8867325874662,200.77222138918683 266.9776723344421,200.9131478845005 267.0866795808172,201.08478912879275 C267.1691878280735,201.1124926278715 267.3462493221855,201.43951436699675 267.61846631313324,202.06645659614847 L267.6317158126926,202.1483625934248 L267.6317158126926,202.06645659614847 C267.7768580578661,201.7846036055212 267.8274470561838,201.44915036667632 267.78167605770585,201.05768787969396 C267.7545748086071,200.94868063331887 267.6768845611906,200.73548414040852 267.5498098154163,200.41749615098283 C267.34986282206535,199.93569616700455 267.21315207661155,199.65022967649745 267.1408820790148,199.55868767954158 L267.42755306948186,199.54543817998217 C267.62750006283284,199.61831042755887 267.7455410589075,199.90919716788576 267.78167605770585,200.41749615098283 L267.90453505362035,201.07214187921332 C267.95933980179785,201.32689362074183 268.09544829727173,201.4714336159353 268.3134627900219,201.50817086471366 L268.46342303503513,201.09924312831208 C268.5724302814102,200.92699963403987 268.6404845291471,200.7180188909893 268.6675857782459,200.47230089916036 C268.7494917755222,200.2542864064102 268.79526277400015,199.9549681663637 268.80429652369975,199.5731416790609 C268.80429652369975,199.40993193448827 268.79526277400015,199.13651044358062 268.77719527460096,198.7552862062578 C268.7494917755222,198.4643994659309 268.69528927732466,198.16508122588442 268.61398553002834,197.85612698615836 C268.5043760336733,197.65617999280738 268.42728803623675,197.13342701019096 268.3821192877388,196.28847028828906 C268.40922053683755,196.3252075370674 268.46884328485487,196.34749078632638 268.5591807818508,196.35652453602597 C268.72239052642345,196.42879453362272 268.8994520205355,196.555869279397 269.09036526418686,196.73835102332876 C269.33608325601574,196.8744595188026 269.5902327475643,196.89312926818178 269.8540182387924,196.79255352152632 C269.96362773514744,197.1834137585287 270.15393872881884,197.44238124991702 270.4267579697466,197.56945599569127 L269.48604350102903,204.4248675177221 C269.61372049678323,204.45257101680085 269.73597724271775,204.40680001832294 269.85341598881246,204.28815677226828 C269.93592423606873,204.09784577859688 270.03107973290446,204.00208803178117 270.1400869792795,204.00208803178117 C270.44000746930595,204.6290302609329 270.58996771431924,205.3559459867601 270.58996771431924,206.18283520926283 C270.58996771431924,206.600194445384 270.5441967158413,207.02297393132494 270.4532569688654,207.4499691671257 L270.03107973290446,209.8752298364763 C269.8769037380314,210.702119058979 269.83595073939324,211.38326378632829 269.90822073698996,211.9198685184841 L269.9630254851675,212.36974925352382 C270.0087964836454,212.5787299965744 270.09491823078156,212.85094698752212 270.22199297655584,213.18700247634695 C270.27679772473334,213.0418602311735 270.3490677223301,212.78289273978518 270.44000746930595,212.410100002182 L270.4948122174835,211.97407101668165 C270.7393257093525,211.07430954660225 271.05851819873806,210.6292468114023 271.4487761857605,210.6382805611019 C271.4758774348593,211.12851204479978 271.4855134345388,211.5741770299797 271.4758774348593,211.97407101668165 L271.39397143758293,213.28276022316265 C271.348802689085,213.59111221290874 271.26629444182873,213.8910327029352 271.148855695734,214.18191944326207 L271.06634744847776,214.50894118238733 C270.9573402021026,214.66311717726038 270.83086770630837,214.7630906739359 270.6851232111549,214.8088616724138 C270.6309207129574,214.88173391999052 270.5622642152405,214.94075441802786 270.4803582179642,214.98592316652582 C270.5990014640188,215.2762076568727 270.64417021251677,215.60383164597795 270.617068963418,215.96759063388157 L270.6309207129574,216.53912586487579 C270.54841246570106,217.18413559342667 270.5213112166023,217.57559808040904 270.54841246570106,217.7111043259029 L270.53576521612166,217.94357281817244 C270.53576521612166,218.2525270578985 270.6218869632578,218.529562048686 270.79473270751,218.77467779053495 C270.5399809659815,218.85658378781125 270.3629194718695,219.03364528192327 270.262945975194,219.30646452285097 C270.2900472242927,219.5335127653007 270.39965672064784,219.89606725324438 270.58996771431924,220.39713923658178 L270.67187371159554,220.64225497843074 C270.50866396702287,220.75126222480583 270.41230397022724,220.92832371891782 270.38520272112845,221.17343946076676 C270.3484654723501,221.44625870169446 270.38520272112845,221.8509706882362 270.4948122174835,222.38697317041203 C270.5315494662618,222.66882616103933 270.53576521612166,222.93682740212725 270.5080617170429,223.19097689367578 C270.5712979649401,223.79081787372874 270.4948122174835,224.1949276102905 270.27619547475337,224.40390835334108 C270.45807496870515,224.7405660921459 270.54841246570106,225.03145283247278 270.54841246570106,225.27596632434177 C270.5851497144794,225.4217108194952 270.6122509635782,225.68128056086346 270.6309207129574,226.0534710484867 C270.6580219620562,226.28955304063604 270.6851232111549,226.57983753098296 270.7122244602537,226.9249267695074 C270.7308942096329,227.1158400131588 270.78027870799065,227.31157125664996 270.8627869552469,227.51151825000093 C271.0988689473963,227.42118075300502 271.2620786919689,227.23869900907323 271.3530184389448,226.96648201812553 C271.41625468684197,226.73943377567576 271.40240293730255,226.44433128548906 271.31206544030664,226.0805722975855 L271.2440111925697,225.7939013071184 C271.53429568291665,225.7668000580196 271.7342426762676,225.6300893125658 271.8438521726227,225.38497357071685 C271.9528594189977,225.18502657736585 272.0889679144716,225.071201331151 272.25277990902424,225.0447023320322 L272.9068233872747,220.51939598251627 C273.0519656324482,219.438357268465 273.1296558798647,218.62471754552172 273.1386896295643,218.08028356362627 L273.588570364604,204.99580049873637 C273.54340161610605,204.99580049873637 273.4885968679285,204.7512870068674 273.42536062003137,204.25985102320956 C273.3524883724546,203.9328292840843 273.2525148757791,203.77865328921126 273.12544013000485,203.79611853863048 L273.38440762139317,200.15732415963458 C273.5391858662462,198.86670245255277 273.61145586384293,197.88142148531722 273.60242211414334,197.19967450798796 L273.77948360825536,194.10591636086747 C273.77044985855576,193.26095963896557 273.742746359477,192.37504991842553 273.69757761097907,191.44878944922732 L273.54761736596583,188.54594454575823 C273.58435461474414,188.42730129970357 273.6427728628015,188.28637480438994 273.72528111005784,188.1231650598173 C273.76201835883614,188.04125906254097 273.76201835883614,187.80939282025145 273.72528111005784,187.4287708329086 C273.73431485975743,186.79219260407731 273.7294968599176,186.39711661721515 273.7114293605184,186.2423383723621 C273.7843016080952,185.77017438806342 273.94811360264777,185.40641540015983 274.2022630941963,185.15166365863132 L274.1065053473806,184.9475009154205 C274.0161678503847,184.79272267056749 273.943295602808,184.52050567961976 273.8890931046104,184.13024769259738 C273.8258568567133,183.6665152080183 273.7752678583956,183.33467546905325 273.7391328595972,183.13533072568225 C273.6572268623209,182.5264559959297 273.39404362107274,182.28134025408076 272.9483786358929,182.39938125015544 C273.05798813224794,182.22653550590323 273.1531436290836,182.02237276269244 273.23565187633994,181.7856885205631 C273.2717868751383,181.48576803053663 273.33562537301543,181.21776678944872 273.42596287001135,180.98168479729938 C273.5355723663664,181.21776678944872 273.61205811382297,181.36772703446195 273.6578291123009,181.4309632823591 C273.7752678583956,181.58574152721212 273.9896688512659,181.66764752448844 274.298020841012,181.67607902420804 C274.37992683828827,181.64897777510927 274.697312577734,181.4219295326595 275.25198480928896,180.99493429685876 L275.25198480928896,180.9431407985811 L275.24596230948924,180.9431407985811 zM252.71759730864522,176.94962118138122 C252.7808335565424,177.09476342655466 252.76758405698297,177.16341992427158 252.67664431000708,177.15438617457198 L252.67664431000708,177.24954167140768 C252.7404828078842,177.5771656605129 252.87659130335805,177.66750315750883 253.0861742963886,177.5223609123354 L252.9910187995529,177.30434641958522 C252.90790830231666,177.05862842775628 252.8175708053207,176.9411896816616 252.71759730864522,176.94962118138122 zM259.5730088306761,179.51219484616564 C259.4555700845814,179.87595383406924 259.52302208233834,180.13973932529734 259.7777738238668,180.30294906986998 L259.90003056980134,179.52664884568497 C260.00000406647683,179.21709235597893 260.02710531557557,178.9810103638296 259.9825388170576,178.81719836927698 C259.92773406888006,178.74432612170028 259.89521256996153,178.70758887292192 259.8867810702419,178.70758887292192 L259.76452432430744,178.77624537063883 C259.618177579174,179.0671321109657 259.5543390812969,179.31224785281466 259.5730088306761,179.51219484616564 zM280.62887263048646,203.40345155168816 L280.6156231309271,203.0896793121223 C280.57045438242915,203.12641656090068 280.53853513349054,203.18061905909823 280.52046763409135,203.25349130667493 C280.51143388439175,203.2980578051929 280.50721813453197,203.33961305381106 280.50721813453197,203.37574805260942 C280.55238688302995,203.36791880286978 280.5927376316881,203.3763503025894 280.62887263048646,203.40345155168816 zM271.89323667098046,226.12333204616354 C271.83000042308333,226.29557554043578 271.77097992504594,226.57742853106305 271.71617517686843,226.96768651808546 C271.7438786759472,227.06766001476097 271.7294246764278,227.2085865100746 271.67582442821026,227.3904660040264 C271.86613542188167,227.15438401187703 272.07090041507246,226.99057201732444 272.2895171578026,226.89963227034855 L272.23411015964507,225.79570805705833 C272.12450066329,225.87761405433463 272.0112776670551,225.98601905072974 271.89323667098046,226.12333204616354 zM208.9141495152807,189.20239702392863 C208.80514226890563,189.08435602785394 208.68228327299119,189.06207277859494 208.5461747775173,189.1343427761917 C208.619047025094,189.3342897695427 208.6280807747936,189.53423676289367 208.5732760266161,189.73418375624465 C208.5642422769165,189.84319100261973 208.5371410278177,189.93413074959562 208.49137002933978,190.00700299717232 C208.45463278056144,190.08830674446867 208.4684845301008,190.1792464914446 208.53232302797795,190.2786177381401 C208.6503640240526,190.30571898723886 208.7593712704277,190.27440198828026 208.85934476710318,190.18346224130437 C208.9231832649803,190.06602349520966 208.95510251391886,189.91606325019643 208.95510251391886,189.73418375624465 C208.96473851359843,189.52520301319407 208.95088676405905,189.34753926910207 208.9141495152807,189.20239702392863 zM214.35246683443546,194.8858300849323 C214.1254185919857,194.80392408765601 214.0254450953102,194.8948638346319 214.052546344409,195.15864932586 L214.1344523416853,195.17129657543944 C214.23442583836078,195.21706757391738 214.31151383579729,195.33510856999206 214.36631858397482,195.52602181364344 L214.6662390740013,195.4579675659065 C214.62950182522297,195.34835806955147 214.62528607536314,195.2676565722351 214.65238732446193,195.21345407403754 C214.69755607295988,195.11287832738208 214.72947532189846,195.04542632962512 214.7481450712776,195.00868908084678 L214.35246683443546,194.8858300849323 zM218.2363769552803,207.17895667613791 C218.21830945588113,207.14221942735955 218.1412214584446,207.2518289237146 218.0051129629707,207.50597841526317 L217.99186346341133,207.6288374111776 L217.90935521615503,207.6288374111776 C217.88225396705627,207.68303990937517 217.88225396705627,207.7330266577129 217.90935521615503,207.7781954062109 C217.99186346341133,207.99620989896104 218.06413346100805,208.05583264697836 218.1273697089052,207.95585915030287 C218.18217445708274,207.90105440212534 218.2363769552803,207.7781954062109 218.29057945347785,207.58788441253947 C218.32731670225618,207.3873351692085 218.30924920285702,207.2518289237146 218.2363769552803,207.17895667613791 zM237.4806728153324,211.4717945333843 C237.41743656743523,211.34532203759002 237.36684756911754,211.23992829109477 237.33071257031918,211.15862454379842 C237.31264507091998,211.23992829109477 237.31264507091998,211.32183428837106 237.33071257031918,211.40374028564736 C237.35781381941794,211.3947065359478 237.4078005677557,211.41759203518674 237.4806728153324,211.4717945333843 zM237.08559682847022,217.19618059302616 C237.05789332939145,217.12330834544943 237.06752932907102,217.06007209755228 237.112698077569,217.00526734937475 C237.05789332939145,217.06067434753226 237.0259740804529,217.12330834544943 237.01754258073328,217.19618059302616 L237.08559682847022,217.19618059302616 zM237.13979932666777,216.73244810844704 L237.07174507893086,216.73244810844704 L237.13979932666777,216.80050235618398 C237.0946305781698,216.82760360528277 237.0946305781698,216.84085310484218 237.13979932666777,216.84085310484218 C237.14883307636737,216.81435410572337 237.14883307636737,216.77761685694503 237.13979932666777,216.73244810844704 zM206.202217855463,192.2142491737728 L206.27027210319994,192.6641299088125 L206.61114559186458,192.5960756610756 L206.43408409775256,192.1190936769371 L206.202217855463,192.2142491737728 zM203.76310543657303,195.81209055413052 C203.6902331889963,195.7398205565338 203.62699694109915,195.66273255909726 203.57219219292165,195.580224311841 C203.38188119925022,195.41701456726835 203.2909414522743,195.2538048226957 203.29937295199392,195.09059507812307 C203.2626357032156,194.93581683327005 203.34032595063206,194.94063483310984 203.5306369443035,195.10384457768248 C203.5216031946039,194.95810008252906 203.45836694670678,194.82199158705518 203.34032595063206,194.69431459130095 C203.13134520758152,194.46726634885118 202.854310216794,194.36307710231588 202.50922097826958,194.38114460171508 C202.23640173734185,194.35344110263634 202.1051112417078,194.4359493498926 202.1141449914074,194.626260343564 L202.16834748960494,194.78947008813665 C202.25928723658083,194.60759059418484 202.34119323385715,194.62987384344385 202.41406548143385,194.8575243358736 C202.477301729331,194.97556533194825 202.53210647750853,195.13455932666108 202.5772752260065,195.33450632001208 C203.02233796120643,195.424843817008 203.3993464486694,195.64827855957793 203.7083006883955,196.00179929782198 C203.73540193749426,195.97590254868314 203.75346943689345,195.912666300786 203.76310543657303,195.81209055413052 zM229.88931181777477,220.4941014833574 C229.93448056627273,220.19418099333095 229.87606231821536,220.08517374695586 229.71225032366274,220.16647749425218 L229.69900082410334,220.67176522744938 C229.78933832109925,220.64406172837064 229.8531768189764,220.58504123033333 229.88931181777477,220.4941014833574 zM227.77722113801002,275.1591276655321 C227.58630789435864,275.3958119076614 227.39057665086744,275.55902165223404 227.19123190749644,275.64935914923 L227.2321849061346,276.7671351120596 C227.33215840281008,276.6671616153841 227.44116564918517,276.5539386191492 227.55920664525985,276.42686387337494 C227.6134091434574,276.2714833785419 227.66821389163493,275.9860168880348 227.7224163898325,275.56805540193363 C227.7133826401329,275.4777179049377 227.73145013953206,275.34100715948387 227.77722113801002,275.1591276655321 zM218.82236618579387,299.1184386187916 L218.84946743489263,299.4460626078968 C218.8952384333706,299.40932535911844 218.93619143200874,299.3551228609209 218.9723264308071,299.2822506133442 C218.9723264308071,299.24611561454583 218.9632926811075,299.20034461606787 218.94582743168831,299.14614211787034 C218.90005643321035,299.1732433669691 218.8591034345722,299.16420961726953 218.82236618579387,299.1184386187916 zM218.44114194847106,314.35596536208436 C218.45077794815063,314.28309311450766 218.45439144803046,314.1740858681326 218.45439144803046,314.0283413729791 C218.46402744771004,313.8741653781061 218.43210819877146,313.7061376336937 218.35923595119476,313.5248603897219 L218.3188852025366,313.51100864018247 C218.29118170345782,313.8560978787069 218.33213470209597,314.13734861935427 218.44114194847106,314.35596536208436 zM239.5385609968996,323.0235470738535 C239.43858750022412,323.33250131357954 239.42533800066468,323.5637653058891 239.49760799826146,323.71794130076216 C239.5247092473602,323.80044954801843 239.5427767467594,323.8408002966766 239.55181049645898,323.8408002966766 L239.68852124191284,323.75889429940037 C239.82462973738672,323.4686098090534 239.89268398512363,323.21867606736464 239.89268398512363,323.00909307433415 C240.0107249811983,322.6640038358097 239.94267073346137,322.40985434426113 239.68852124191284,322.24544009972857 L239.5385609968996,323.0235470738535 zM246.76194725669382,325.3000519981508 C246.72581225789548,324.98206400872516 246.60295326198099,324.88630626190945 246.3939725189304,325.01338100768373 L246.4758785162067,325.2042942513351 C246.55778451348306,325.49457874168206 246.63908826077937,325.6264714872961 246.72099425805567,325.59876798821733 C246.67582550955774,325.46265949274346 246.6938930089569,325.39942324484633 246.77579900623323,325.40845699454593 L246.76194725669382,325.3000519981508 zM296.86131634069443,307.20063335002703 C296.4349233548736,307.11872735275074 296.0573126174307,306.90071286000057 295.7302908783054,306.5465898717765 C295.7302908783054,306.57429337085534 295.7212571286058,306.63752961875247 295.70318962920663,306.736900865448 C295.7664258771038,306.8103753630047 295.82062837530134,306.8868611104612 295.8663993737793,306.96876710773756 C296.0567103674507,307.1319768523101 296.1566838641262,307.3006068467025 296.16631986380577,307.47345259095476 C296.1934211129045,307.6282308358078 296.10669711578845,307.6137768362885 295.9067501224375,307.4324995923166 C295.9248176218366,307.5866755871897 296.0019056192732,307.7227840826635 296.138616364727,307.84202957869815 C296.3475971077776,308.0690778211479 296.61078034902573,308.1816985674028 296.9293705884313,308.1816985674028 C297.22868882847786,308.1913345670824 297.36539957393165,308.09557682026673 297.33829832483286,307.89562982691575 L297.270244077096,307.77337308098123 C297.1889403297996,307.9450143252735 297.1160680822229,307.9094815764551 297.0528318343258,307.66436583460614 C296.98899333644863,307.5547563382511 296.92515483857153,307.400580343378 296.86131634069443,307.20063335002703 zM281.54248585010527,294.784647762907 C281.47864735222817,294.5672355201368 281.40577510465147,294.4985790224199 281.3244713573551,294.5804850196962 C281.26123510945797,294.6437212675934 281.2112483611202,294.77982976306726 281.17451111234186,294.98941275609775 C281.14740986324307,295.1712922500496 281.16547736264226,295.29415124596403 281.2293158605194,295.3573874938612 C281.24678110993864,295.40255624235914 281.31965335751534,295.30258274568365 281.4467281032896,295.0574670038347 L281.46057985282897,294.90750675882146 L281.5557353496647,294.93460800792025 C281.5744050990438,294.87076951004315 281.56958709920406,294.8213850116854 281.54248585010527,294.784647762907 zM271.14343544591424,286.47118903936195 L271.1843884445524,286.6759540325527 C271.22112569333075,286.93010352410124 271.28436194122787,287.134868517292 271.37469943822384,287.289646762145 C271.4927404342985,287.47995775581643 271.64691642917154,287.61185050143047 271.8384319228029,287.68412049902724 C271.95587066889766,287.3661325096016 272.0702981650925,287.0391107704763 272.17870316148753,286.7030552816515 L272.20640666056636,286.2122215479736 C272.2238719099855,285.8948358085279 272.2154404102659,285.59069956864164 272.17870316148753,285.2992105783348 C271.9070884205198,285.6442998168592 271.56199918199536,286.0345578038816 271.14343544591424,286.47118903936195 zM269.73959074259756,281.8374776934509 C269.64925324560164,281.9103499410276 269.58481249774457,281.9651546892052 269.54927974892615,282.00068743802353 C269.5125425001478,282.3367429268484 269.58541474772454,282.4686356724624 269.7672942416763,282.39576342488573 L269.73959074259756,281.8374776934509 zM262.3391429886913,285.8032938115721 L262.38009598732947,285.8032938115721 L262.3391429886913,285.7490913133745 C262.3662442377901,285.7123540645962 262.3662442377901,285.694286565197 262.3391429886913,285.694286565197 C262.30300798989293,285.7213878142958 262.30300798989293,285.7581250630741 262.3391429886913,285.8032938115721 zM262.38069823730945,285.3534130765323 C262.38973198700904,285.4166493244295 262.37106223762987,285.47566982246684 262.3258934891319,285.53047457064434 C262.38069823730945,285.47566982246684 262.412617486248,285.4172515744095 262.4216512359476,285.3534130765323 L262.38069823730945,285.3534130765323 zM261.9850200004673,291.0777991361742 C262.03922249866486,291.1681366331701 262.080175497303,291.2729281296854 262.1072767464018,291.3909691257601 C262.1530477448797,291.3283351278429 262.15726349473954,291.2416111307268 262.1205262459612,291.1320016343717 C262.10366324652193,291.1320016343717 262.058494498024,291.1139341349725 261.9850200004673,291.0777991361742 zM290.9460170374012,312.2842254309778 C290.8189422916269,312.24748818219945 290.70511704541207,312.27097593141843 290.6057457987165,312.3516774287348 C290.54250955081943,312.46971842480946 290.5105903018808,312.61967866982263 290.5105903018808,312.8015581637745 C290.5105903018808,313.0009029071455 290.52865780128,313.1695329015379 290.5653950500583,313.3062436469917 C290.6466987973547,313.44235214246555 290.7557060437298,313.47427139140416 290.8924167891836,313.4007968938474 C290.8556795404053,313.18278240109726 290.8514637905455,312.9834376577263 290.87856503964423,312.8015581637745 C290.8882010393238,312.701584667099 290.9104842885828,312.61486066998293 290.94661928738117,312.54259067238615 C291.01045778525827,312.4528554253702 291.01045778525827,312.36552917827413 290.9460170374012,312.2842254309778 zM293.0316087180471,310.43049999262144 L293.23577146125797,310.3208904962663 L293.16831946350095,309.884861510766 L292.8545472239351,309.9535180084829 L293.0316087180471,310.43049999262144 zM285.1270777309036,307.66436583460614 C285.35412597335335,307.72699983252335 285.4402477204895,307.6366623355274 285.38604522229195,307.39154659367847 L285.317990974555,307.3776948441391 C285.2276534775591,307.33252609564113 285.1499632301426,307.20966709972663 285.0861247322655,307.0103223563557 L284.8000559917784,307.0645248545532 C284.8175212411976,307.18256585062784 284.8175212411976,307.26928984774395 284.8000559917784,307.32349234594153 C284.763318743,307.4053983432178 284.74043324376106,307.47405484093474 284.73139949406146,307.5282573391323 L285.1270777309036,307.66436583460614 z\" fill=\"#FF6111\" clip-rule=\"evenodd\" fill-rule=\"evenodd\"/>\n     <path id=\"xe_9sg4\" pointer-events=\"bounding-box\" d=\"M282.1290773305988,215.24669740785407 C285.6907837121582,218.80840378941343 287.4710346529579,223.08377639724063 287.4710346529579,228.0716107313757 L287.4710346529579,233.5502787991886 C288.3159913748598,233.0600473154907 289.25188784373756,232.8143293236618 290.2781218096113,232.8143293236618 C291.52357476819515,232.8143293236618 292.568478483448,233.15098706246658 293.41283295536994,233.8230980401163 C294.30356067574974,234.45004026926802 294.74922566092965,235.226340493453 294.74922566092965,236.1538054626112 L294.74922566092965,236.2218597103481 L294.4896559195614,236.2218597103481 C291.7729062599039,236.2218597103481 289.23321809435845,236.82591644026087 286.8717959228849,238.03402990008638 L286.0671899496412,237.23002617682266 L285.99913570190427,237.23002617682266 L285.99913570190427,237.1625741790657 L285.9316837041473,237.1625741790657 L285.9316837041473,237.09451993132876 L285.7407704604959,236.9578091858749 L285.53660771728516,236.76689594222353 L285.3318427240944,236.63078744674968 L285.140929480443,236.4266247035389 L285.0048209849691,236.35796820582198 L285.0048209849691,236.28991395808504 L284.93676673723223,236.28991395808504 L284.93676673723223,236.22246196032808 L284.80065824175836,236.15440771259114 L284.6639474963045,236.0315487166767 L284.59589324856756,236.0315487166767 L284.5278390008307,235.96349446893976 L284.5278390008307,235.89544022120282 L284.4736365026331,235.89544022120282 L284.33692575717924,235.758729475749 L284.2688715094423,235.758729475749 L283.99605226851463,235.48651248480127 L283.9279980207777,235.48651248480127 L283.9279980207777,235.43170773662376 L283.85994377304075,235.43170773662376 L283.8057412748432,235.3642557388668 L283.7370847771263,235.3642557388668 L283.7370847771263,235.2955992411499 L283.6690305293894,235.2955992411499 L283.4642655361986,235.09143649793907 L283.3962112884617,235.09143649793907 L282.9324788038826,234.76441475881384 L282.8650268061256,234.69636051107693 L282.7283160606718,234.62830626334 L282.7283160606718,232.88419032133862 C282.7283160606718,229.23154419280337 281.41541110433104,226.07033404792594 278.7896011916494,223.3987531367664 C276.1643935289478,220.77294322408483 273.00197888411043,219.45943601776406 269.3041640070772,219.45943601776406 L231.56597576201915,219.45943601776406 C227.9133296334839,219.45943601776406 224.75151723862646,220.77294322408483 222.08053857744693,223.3987531367664 C219.44569491506576,226.07033404792594 218.12797195888518,229.23154419280337 218.12797195888518,232.88419032133862 L218.12797195888518,234.0977240309839 L218.05991771114824,234.15192652918148 L218.0057152129507,234.15192652918148 L217.93766096521375,234.2199807769184 L217.8696067174768,234.2199807769184 L217.73289597202302,234.35669152237222 L217.6642394743061,234.35669152237222 L217.52752872885225,234.4928000178461 L217.3914202333784,234.56085426558303 L217.33661548520087,234.62890851331994 L217.26856123746393,234.62890851331994 L217.26856123746393,234.69696276105688 L217.1318504920101,234.7650170087938 L217.0637962442732,234.7650170087938 L217.0637962442732,234.81921950699137 L216.8590312510824,234.8872737547283 L216.8590312510824,234.9559302524452 L216.79097700334546,234.9559302524452 L216.668720257411,235.09203874791905 L216.60066600967406,235.09203874791905 L216.53261176193712,235.22814724339293 L216.46455751420018,235.22814724339293 L216.32844901872633,235.29620149112986 L216.19234052325248,235.4329122365837 L215.98817778004167,235.55577123249816 L215.98817778004167,235.6238254802351 L215.93337303186416,235.6238254802351 L215.7972645363903,235.75993397570895 L215.72921028865338,235.75993397570895 L215.59249954319952,235.89664472116277 L215.38833679998874,236.03335546661663 L215.06131506086348,236.36037720574186 L214.99326081312654,236.36037720574186 L214.78909806991575,236.56514219893262 L214.72104382217884,236.56514219893262 L214.05314859438897,237.23243517674254 L213.98449209667206,237.23243517674254 L213.8616331007576,237.4372001699333 L213.79357885302065,237.4920049181108 L213.65686810756682,237.55945691586777 L213.45270536435604,237.76361965907859 L213.3846511166191,237.76361965907859 L213.3846511166191,228.07401973129555 C213.3846511166191,223.0861853971605 215.16550430739878,218.8108127893333 218.72721068895817,215.24910640777395 C222.29795082021712,211.6874000262146 226.5775391779041,209.90714908541486 231.56537351203917,209.90714908541486 L269.3035617570972,209.90714908541486 C274.3371670897102,209.90474008549498 278.6125396975374,211.68499102629468 282.1290773305988,215.24669740785407 zM257.8824931368923,251.7858059427862 L257.8824931368923,260.0721634172325 L259.0821750969982,260.0721634172325 L259.0821750969982,251.7858059427862 L257.8824931368923,251.7858059427862 zM255.47048196710108,251.7858059427862 L254.27140225697516,251.7858059427862 L254.27140225697516,260.0721634172325 L255.47048196710108,260.0721634172325 L255.47048196710108,251.7858059427862 zM253.73961552465914,251.7858059427862 L252.54053581453323,251.7858059427862 L252.54053581453323,260.0721634172325 L253.73961552465914,260.0721634172325 L253.73961552465914,251.7858059427862 zM257.2838566567993,251.7858059427862 L256.07032294715407,251.7858059427862 L256.07032294715407,260.0721634172325 L257.2838566567993,260.0721634172325 L257.2838566567993,251.7858059427862 zM260.8804935371971,251.7858059427862 L259.6820160770511,251.7858059427862 L259.6820160770511,260.0721634172325 L260.8804935371971,260.0721634172325 L260.8804935371971,251.7858059427862 zM262.69386822689535,251.7858059427862 L261.48033451725007,251.7858059427862 L261.48033451725007,260.0721634172325 L262.69386822689535,260.0721634172325 L262.69386822689535,251.7858059427862 zM273.9782261016464,251.7858059427862 L273.9782261016464,260.0721634172325 L275.1773058117723,260.0721634172325 L275.1773058117723,251.7858059427862 L273.9782261016464,251.7858059427862 zM268.63566652930734,251.7858059427862 L268.63566652930734,260.0721634172325 L269.8347462394333,260.0721634172325 L269.8347462394333,251.7858059427862 L268.63566652930734,251.7858059427862 zM264.4247346693372,260.0721634172325 L264.4247346693372,251.7858059427862 L263.22505270923136,251.7858059427862 L263.22505270923136,260.0721634172325 L264.4247346693372,260.0721634172325 zM266.2242576094961,251.7858059427862 L265.0245756493902,251.7858059427862 L265.0245756493902,260.0721634172325 L266.2242576094961,260.0721634172325 L266.2242576094961,251.7858059427862 zM268.0358255492544,251.7858059427862 L266.83734808910845,251.7858059427862 L266.83734808910845,260.0721634172325 L268.0358255492544,260.0721634172325 L268.0358255492544,251.7858059427862 zM273.44704161931037,251.7858059427862 L272.1799076614475,251.7858059427862 L272.1799076614475,260.0721634172325 L273.44704161931037,260.0721634172325 L273.44704161931037,251.7858059427862 zM271.63426917959214,251.7858059427862 L270.4351894694662,251.7858059427862 L270.4351894694662,260.0721634172325 L271.63426917959214,260.0721634172325 L271.63426917959214,251.7858059427862 zM286.54477418375967,240.4333938202982 C288.9429336040115,238.87958887196825 291.5916290159321,238.10328864778324 294.4896559195614,238.10328864778324 C298.5873647832966,238.10328864778324 302.103902416358,239.54748409975812 305.0386665687656,242.4370795036678 C307.93729572237487,245.38087740577504 309.3869114241695,248.9010285387163 309.3869114241695,252.99933965243147 C309.3869114241695,255.35233032418535 308.85030669201376,257.57824625016497 307.7783017276621,259.6770874303703 C306.7514655118084,261.72112386239814 305.3476208084917,263.41103730620193 303.566767617712,264.74743001176165 C302.59533840001586,264.3927047735576 301.59560343326086,264.21564327944566 300.56816496742726,264.21564327944566 L200.30137255168916,264.21564327944566 C199.27453633583545,264.21564327944566 198.27058561922072,264.3927047735576 197.28952040184498,264.74743001176165 C195.50866721106527,263.41103730620193 194.1048225077486,261.72112386239814 193.0779862918949,259.6770874303703 C192.01501507724285,257.57824625016497 191.4838305949068,255.35233032418535 191.4838305949068,252.99933965243147 C191.4838305949068,248.9010285387163 192.92802604688166,245.38087740577504 195.81762145079136,242.4370795036678 C198.7614193528986,239.54748409975812 202.2821727358198,238.10328864778324 206.379881599555,238.10328864778324 C209.09663125921247,238.10328864778324 211.59054842628,238.79346712483215 213.8616331007576,240.17442632890985 C217.24145998836516,236.43084045339867 222.1160713262653,233.4460895526533 228.48546711445806,231.22017362667367 C235.03614014662264,228.90271570373818 242.2276071574783,227.74458899225044 250.0598681470251,227.74458899225044 L250.12792239476204,227.74458899225044 L249.25526217378138,248.85585979021835 L251.59982134581566,248.85585979021835 L250.65910687709805,227.74458899225044 C258.50040161634445,227.83552873922633 265.65151787854194,229.05809619857118 272.11064891375065,231.41108687032508 C278.4354782034254,233.68217154480266 283.2462510434484,236.689807944787 286.54477418375967,240.4333938202982 zM294.4896559195614,243.97643045247838 C291.99092075265406,243.97643045247838 289.8511265738106,244.84427267361926 288.0702733830309,246.579354865921 C286.2894201922512,248.36020805670069 285.39929472185133,250.50000223554417 285.39929472185133,252.9987374024515 C285.39929472185133,255.48783656967925 286.2894201922512,257.62341499866295 288.0702733830309,259.40366593946266 C289.8511265738106,261.1851213802223 291.99092075265406,262.0752468506222 294.4896559195614,262.0752468506222 C296.9793573367691,262.0752468506222 299.11433351577284,261.1851213802223 300.8951867065525,259.40366593946266 C302.6760398973322,257.62341499866295 303.566767617712,255.48783656967925 303.566767617712,252.9987374024515 C303.566767617712,250.50000223554417 302.6760398973322,248.36020805670069 300.8951867065525,246.579354865921 C299.11433351577284,244.8448749235992 296.9793573367691,243.97643045247838 294.4896559195614,243.97643045247838 zM269.97145698488714,268.6987921303635 C269.707671493659,268.4265751394157 269.3945015040731,268.28986439396186 269.03074251616954,268.28986439396186 L231.8243410034275,268.28986439396186 C231.4696157652235,268.28986439396186 231.1606615254974,268.4265751394157 230.8974782842493,268.6987921303635 C230.6246590433216,268.96257762159155 230.48855054784775,269.2938151105766 230.48855054784775,269.6937090972786 L230.48855054784775,276.0450373860721 C230.48855054784775,276.39976262427615 230.6246590433216,276.7310001132612 230.8974782842493,277.03935210300733 C231.1606615254974,277.312171343935 231.4696157652235,277.4488820893888 231.8243410034275,277.4488820893888 L269.03074251616954,277.4488820893888 C269.3945015040731,277.4488820893888 269.70706924367903,277.312171343935 269.97145698488714,277.03935210300733 C270.2352424761152,276.73039786328127 270.3665329717493,276.3991603742962 270.3665329717493,276.0450373860721 L270.3665329717493,269.6937090972786 C270.3665329717493,269.2938151105766 270.2352424761152,268.96257762159155 269.97145698488714,268.6987921303635 zM279.3894421717024,251.7858059427862 L279.3894421717024,260.0721634172325 L280.5885218818283,260.0721634172325 L280.5885218818283,251.7858059427862 L279.3894421717024,251.7858059427862 zM276.99007825149056,251.7858059427862 L275.7771467918253,251.7858059427862 L275.7771467918253,260.0721634172325 L276.99007825149056,260.0721634172325 L276.99007825149056,251.7858059427862 zM278.7896011916494,251.7858059427862 L277.5905214815235,251.7858059427862 L277.5905214815235,260.0721634172325 L278.7896011916494,260.0721634172325 L278.7896011916494,251.7858059427862 zM282.4012943215465,251.7858059427862 L281.18776061190124,251.7858059427862 L281.18776061190124,260.0721634172325 L282.4012943215465,260.0721634172325 L282.4012943215465,251.7858059427862 zM294.4896559195614,260.14021766496944 C293.0635279669857,260.14021766496944 291.7506230106449,259.7409259282474 290.550941050539,258.9411379548435 C289.38799633921144,258.1865187299376 288.51593836821075,257.1831702633028 287.934164887557,255.92928580499932 L293.344176457653,255.92928580499932 C295.66163438058857,255.92928580499932 297.447305571208,256.88746552313614 298.70119002951145,258.80442720938964 C297.447305571208,259.6951549297695 296.0434608678913,260.14021766496944 294.4896559195614,260.14021766496944 zM305.63790529883863,267.7592821616058 C307.01886450291636,269.14024136568355 307.7096452299452,270.81148506010817 307.7096452299452,272.7748199948196 C307.7096452299452,274.72791667987156 307.01886450291636,276.41783012367534 305.63790529883863,277.844560326231 C304.22020884598254,279.2255195303087 302.5314999021387,279.9156980073576 300.56816496742726,279.9156980073576 L200.30137255168916,279.9156980073576 C198.3392421169376,279.9156980073576 196.64451067329406,279.2255195303087 195.2177804707384,277.844560326231 C193.83682126666068,276.41783012367534 193.14604053963183,274.72791667987156 193.14604053963183,272.7748199948196 C193.14604053963183,270.81148506010817 193.83682126666068,269.14024136568355 195.2177804707384,267.7592821616058 C196.64451067329406,266.3777207075481 198.3392421169376,265.6881444804792 200.30137255168916,265.6881444804792 L300.56816496742726,265.6881444804792 C302.5314999021387,265.6875422304993 304.22020884598254,266.3777207075481 305.63790529883863,267.7592821616058 zM235.83171237016677,251.7858059427862 L234.63203041006085,251.7858059427862 L234.63203041006085,260.0721634172325 L235.83171237016677,260.0721634172325 L235.83171237016677,251.7858059427862 zM232.23387098980902,251.7858059427862 L231.02093953014372,251.7858059427862 L231.02093953014372,260.0721634172325 L232.23387098980902,260.0721634172325 L232.23387098980902,251.7858059427862 zM234.03218943000792,251.7858059427862 L232.83250746990203,251.7858059427862 L232.83250746990203,260.0721634172325 L234.03218943000792,260.0721634172325 L234.03218943000792,251.7858059427862 zM239.37474900234696,251.7858059427862 L238.1750670422411,251.7858059427862 L238.1750670422411,260.0721634172325 L239.37474900234696,260.0721634172325 L239.37474900234696,251.7858059427862 zM237.5758283121681,251.7858059427862 L236.36289685250281,251.7858059427862 L236.36289685250281,260.0721634172325 L237.5758283121681,260.0721634172325 L237.5758283121681,251.7858059427862 zM241.1742719425058,251.7858059427862 L239.97458998239995,251.7858059427862 L239.97458998239995,260.0721634172325 L241.1742719425058,260.0721634172325 L241.1742719425058,251.7858059427862 zM242.9870443822241,251.7858059427862 L241.77411292255877,251.7858059427862 L241.77411292255877,260.0721634172325 L242.9870443822241,260.0721634172325 L242.9870443822241,251.7858059427862 zM244.78536282242297,251.7858059427862 L243.58628311229705,251.7858059427862 L243.58628311229705,260.0721634172325 L244.78536282242297,260.0721634172325 L244.78536282242297,251.7858059427862 zM246.5300810144043,251.7858059427862 L245.317149554739,251.7858059427862 L245.317149554739,260.0721634172325 L246.5300810144043,260.0721634172325 L246.5300810144043,251.7858059427862 zM251.94069483448027,251.7858059427862 L250.72776337481497,251.7858059427862 L250.72776337481497,260.0721634172325 L251.94069483448027,260.0721634172325 L251.94069483448027,251.7858059427862 zM250.12792239476204,251.7858059427862 L248.9288426846361,251.7858059427862 L248.9288426846361,260.0721634172325 L250.12792239476204,260.0721634172325 L250.12792239476204,251.7858059427862 zM248.32900170458316,251.7858059427862 L247.12931974447724,251.7858059427862 L247.12931974447724,260.0721634172325 L248.32900170458316,260.0721634172325 L248.32900170458316,251.7858059427862 zM225.07853897775172,260.0721634172325 L225.07853897775172,251.7858059427862 L223.8794592676258,251.7858059427862 L223.8794592676258,260.0721634172325 L225.07853897775172,260.0721634172325 zM229.22141658998487,251.7858059427862 L229.22141658998487,260.0721634172325 L230.4204963001108,260.0721634172325 L230.4204963001108,251.7858059427862 L229.22141658998487,251.7858059427862 zM219.66792515767574,260.0721634172325 L219.66792515767574,251.7858059427862 L218.46824319756985,251.7858059427862 L218.46824319756985,260.0721634172325 L219.66792515767574,260.0721634172325 zM221.4668458478546,251.7858059427862 L220.26716388774872,251.7858059427862 L220.26716388774872,260.0721634172325 L221.4668458478546,260.0721634172325 L221.4668458478546,251.7858059427862 zM223.27901603759287,251.7858059427862 L222.07993632746695,251.7858059427862 L222.07993632746695,260.0721634172325 L223.27901603759287,260.0721634172325 L223.27901603759287,251.7858059427862 zM228.62157560993194,251.7858059427862 L227.422495899806,251.7858059427862 L227.422495899806,260.0721634172325 L228.62157560993194,260.0721634172325 L228.62157560993194,251.7858059427862 zM226.8774596679306,251.7858059427862 L225.61032571006774,251.7858059427862 L225.61032571006774,260.0721634172325 L226.8774596679306,260.0721634172325 L226.8774596679306,251.7858059427862 zM202.16834748960494,258.80442720938964 C203.41319819820882,256.8868632731561 205.17116588974952,255.92928580499932 207.44285281420707,255.92928580499932 L212.85346663428305,255.92928580499932 C212.31746415210722,257.1831702633028 211.47250743020533,258.1865187299376 210.31859646857737,258.9411379548435 C209.11951675845145,259.7409259282474 207.80661180211067,260.14021766496944 206.379881599555,260.14021766496944 C204.72610315454958,260.14021766496944 203.3222584512329,259.6951549297695 202.16834748960494,258.80442720938964 zM206.379881599555,243.97643045247838 C203.8811464326477,243.97643045247838 201.7413522538042,244.84427267361926 199.9604990630245,246.579354865921 C198.17964587224483,248.36020805670069 197.28952040184498,250.50000223554417 197.28952040184498,252.9987374024515 C197.28952040184498,255.48783656967925 198.18024812222478,257.62341499866295 199.9604990630245,259.40366593946266 C201.74195450378417,261.1851213802223 203.8811464326477,262.0752468506222 206.379881599555,262.0752468506222 C208.86898076678276,262.0752468506222 211.00455919576643,261.1851213802223 212.78481013656614,259.40366593946266 C214.5204945788479,257.62341499866295 215.38833679998874,255.48783656967925 215.38833679998874,252.9987374024515 C215.38833679998874,250.50000223554417 214.5204945788479,248.36020805670069 212.78481013656614,246.579354865921 C211.00455919576643,244.8448749235992 208.86898076678276,243.97643045247838 206.379881599555,243.97643045247838 zM219.5998709099388,294.28056452966973 C218.35502020133495,295.52481298829366 216.84216825164316,296.1481417175655 215.06131506086348,296.1481417175655 L207.44285281420707,296.1481417175655 C205.6619996234274,296.1481417175655 204.1491476737356,295.5254152382736 202.90429696513175,294.28056452966973 C201.65944625652787,293.0357138210659 201.03732202721594,291.5186461215143 201.03732202721594,289.728759181035 L201.03732202721594,281.78327519525334 L221.4668458478546,281.78327519525334 L221.4668458478546,289.728759181035 C221.4668458478546,291.5186461215143 220.8441193685627,293.0351115710859 219.5998709099388,294.28056452966973 zM297.8965840562677,294.28056452966973 C296.65233559764386,295.52481298829366 295.13466564811233,296.1481417175655 293.344176457653,296.1481417175655 L285.80762020827297,296.1481417175655 C284.0267670174932,296.1481417175655 282.5090970679617,295.5254152382736 281.25521260965826,294.28056452966973 C280.0109641510344,293.0357138210659 279.38823767174244,291.5186461215143 279.38823767174244,289.728759181035 L279.38823767174244,281.78327519525334 L299.8310109919405,281.78327519525334 L299.8310109919405,289.728759181035 C299.83221549190046,291.5186461215143 299.18720576334954,293.0351115710859 297.8965840562677,294.28056452966973 z\" fill=\"#33B0CA\" clip-rule=\"evenodd\" fill-rule=\"evenodd\"/>\n    </g>\n   </g>\n  </g>\n </g>\n</svg>","printColors":["#FF6111","#33B0CA"],"printColorNames":["Orange","Peacock Blue"],"printColorCategories":["Standard Inks","Standard Inks"],"cmykValue":[{"c":"0","m":"79","y":"100","k":"0"},{"c":"73","m":"10","y":"18","k":"0"}],"printUnit":"inch","PrintDimension":{"boundheight":"13.00","boundwidth":"12.00"},"printSize":"Full Front","designPrice":0,"webFontPrice":0,"isTransit":0,"noOfLines":[],"scalingPrice":0,"isWhiteBase":false,"customizeImage":"https://www.screenshotsinc.com//designer-tool/designer-assets/screenshotsinc_com/images/capturedImage/cart/ci_594b21810a6318.58810604.png","totalBackgroundPrice":0,"totalBackgroundPatternPrice":0,"imagePresent":0},{"url":"https://screenshotsinc.com//designer-tool/designer-assets/screenshotsinc_com/images/productTemplate/16/55.png","svg":"","printColors":[],"printColorNames":[],"printColorCategories":[],"cmykValue":[],"printUnit":"inch","PrintDimension":{"boundheight":"13.00","boundwidth":"12.00"},"webFontPrice":0,"isTransit":0,"noOfLines":0,"scalingPrice":0,"isWhiteBase":false,"customizeImage":"https://www.screenshotsinc.com//designer-tool/designer-assets/screenshotsinc_com/images/capturedImage/cart/ci_594b21810ac824.84844233.png","imagePresent":0}],"simpleData":{"_R!@#&":["U{{/U~}"],"isObject":[1,0],"isMultiBoundObject":[]},"nameNumberData":{},"envInfo":{"browserIp":"72.161.24.7","browserHeight":1080,"browserWidth":1920,"browserLang":"en-US","userAgent":"Mozilla/5.0 (Macintosh; Intel Mac OS X 10_11_6) AppleWebKit/537.36 (KHTML, like Gecko) Chrome/58.0.3029.110 Safari/537.36","browserName":"Chrome"},"notes":"","multiBoundPriceArr":[],"unitPrice":"7.58"}