{"order_details":{"shipping_address":{"first_name":"Cody","last_name":"Barks","fax":null,"region":"Missouri","postcode":"65775","telephone":"4043086689","city":"West Plains ","address_1":"626 Joe Jones Blvd","state":"Missouri","company":"ScreenShots","email":"cody@codestr.com","country":null},"billing_address":{"first_name":"Cody","last_name":"Barks","fax":null,"region":"Missouri","postcode":"65775","telephone":"4043086689","state":"Missouri","city":"West Plains ","address_1":"626 Joe Jones Blvd","company":"ScreenShots","email":"cody@codestr.com","country":null},"order_id":"5","order_incremental_id":"000000005","order_status":"Pending","order_date":"2017-06-16 05:00:31","customer_name":"Cody Barks","customer_email":"cody@codestr.com","shipping_method":"freeshipping_freeshipping","order_items":[{"itemStatus":"Ordered","ref_id":"104","item_id":"13","print_status":null,"product_price":"12.7500","config_product_id":"439","product_id":"1989","product_sku":"G800-Purple-L","product_name":"G800-Purple-L","quantity":12,"xe_size":"L","xe_color":"Purple"},{"itemStatus":"Ordered","ref_id":"104","item_id":"15","print_status":null,"product_price":"12.7500","config_product_id":"439","product_id":"1987","product_sku":"G800-Purple-S","product_name":"G800-Purple-S","quantity":12,"xe_size":"S","xe_color":"Purple"},{"itemStatus":"Ordered","ref_id":"106","item_id":"17","print_status":null,"product_price":"17.0800","config_product_id":"439","product_id":"1987","product_sku":"G800-Purple-S","product_name":"G800-Purple-S","quantity":12,"xe_size":"S","xe_color":"Purple"}]}}