[
    {
        "id": 1,
        "name": "DTG",
        "is_enable":true,
        "settings": {
        	"is_min_order":true,
        	"min_order_quantity":2,
        	"is_white_base":true,
        	"white_base_price":1,
        	"is_clip_art":true,
        	"is_font":false,
        	"is_additional_price":false,
        	"additional_price":0,
        	"is_setup_cost":false,
        	"setup_cost":0,
        	"is_scalling":false,
        	"scalling_price":2,
        	"is_color_price_range":true,
        	"is_percentage":false,
            "is_print_size":true
        },
        "print_size": [
            {
                "name": "A1",
                "price": 5.5,
                "percentage": 15,
                "is_customize": false
            },
            {
                "name": "A2",
                "price": 7.5,
                "percentage": 25,
                "is_customize": false
            },
            {
                "name": "B1",
                "price": 2.5,
                "percentage": 35,
                "is_customize": false
            },
            {
                "name": "B2",
                "price": 4.5,
                "percentage": 20,
                "is_customize": true
            }
        ],
        "quantity_range": {
            "no_of_colors": 3,
            "details": [
                {
                    "from": 10,
                    "to": 20,
                    "white_base_price": 4.4,
                    "color_price": [2.2,3.5,6.6]
                },
                {
                    "from": 21,
                    "to": 45,
                    "white_base_price": 5.4,
                    "color_price": [3.2,2.5,0.7]
                },
                {
                    "from": 46,
                    "to": 60,
                    "white_base_price": 6.4,
                    "color_price": [3.2,0.8,3.5]
                }
            ]
        }
    },
    {
        "id": 2,
        "name": "Screen",
        "is_enable":true,
        "settings": {
        	"is_min_order":false,
        	"min_order_quantity":0,
        	"is_white_base":true,
        	"white_base_price":3,
        	"is_clip_art":true,
        	"is_font":false,
        	"is_additional_price":false,
        	"additional_price":0,
        	"is_setup_cost":true,
        	"setup_cost":4.5,
        	"is_scalling":true,
        	"scalling_price":0.85,
        	"is_color_price_range":true,
            "is_percentage":false,
        	"is_print_size":true
        },
        "print_size": [
            {
                "name": "A1",
                "price": 5.5,
                "percentage": 15,
                "is_customize": true
            },
            {
                "name": "A2",
                "price": 7.5,
                "percentage": 25,
                "is_customize": false
            },
            {
                "name": "B1",
                "price": 2.5,
                "percentage": 35,
                "is_customize": false
            },
            {
                "name": "B2",
                "price": 4.5,
                "percentage": 20,
                "is_customize": true
            }
        ],
        "quantity_range": {
            "no_of_colors": 2,
            "details": [
                {
                    "from": 10,
                    "to": 20,
                    "white_base_price": 4.4,
                    "color_price": [2.2,3.5]
                },
                {
                    "from": 21,
                    "to": 45,
                    "white_base_price": 5.4,
                    "color_price": [3.2,2.5]
                },
                {
                    "from": 46,
                    "to": 60,
                    "white_base_price": 6.4,
                    "color_price": [3.2,0.8]
                }
            ]
        }
    },
    {
        "id": 3,
        "name": "Vinyl",
        "is_enable":false,
        "settings": {
        	"is_min_order":true,
        	"min_order_quantity":2,
        	"is_white_base":true,
        	"white_base_price":1,
        	"is_clip_art":true,
        	"is_font":false,
        	"is_additional_price":false,
        	"additional_price":0,
        	"is_setup_cost":false,
        	"setup_cost":0,
        	"is_scalling":false,
        	"scalling_price":2,
        	"is_color_price_range":true,
        	"is_percentage":false,
            "is_print_size":false
        },
        "print_size": [
            {
                "name": "A1",
                "price": 5.5,
                "percentage": 15,
                "is_customize": false
            },
            {
                "name": "A2",
                "price": 7.5,
                "percentage": 25,
                "is_customize": false
            },
            {
                "name": "B1",
                "price": 2.5,
                "percentage": 35,
                "is_customize": false
            },
            {
                "name": "B2",
                "price": 4.5,
                "percentage": 20,
                "is_customize": true
            }
        ],
        "quantity_range": {
            "no_of_colors": 2,
            "details": [
                {
                    "from": 10,
                    "to": 20,
                    "white_base_price": 4.4,
                    "color_price": [2.2,3.5]
                },
                {
                    "from": 21,
                    "to": 45,
                    "white_base_price": 5.4,
                    "color_price": [3.2,2.5]
                },
                {
                    "from": 46,
                    "to": 60,
                    "white_base_price": 6.4,
                    "color_price": [3.2,0.8]
                }
            ]
        }
    }
]