{"order_details":{"shipping_address":{"first_name":"Cody","last_name":"Barks","fax":null,"region":"Missouri","postcode":"65775","telephone":"4043086689","city":"West Plains ","address_1":"626 Joe Jones Blvd","state":"Missouri","company":"ScreenShots","email":"cody@codestr.com","country":null},"billing_address":{"first_name":"Cody","last_name":"Barks","fax":null,"region":"Missouri","postcode":"65775","telephone":"4043086689","state":"Missouri","city":"West Plains ","address_1":"626 Joe Jones Blvd","company":"ScreenShots","email":"cody@codestr.com","country":null},"order_id":"8","order_incremental_id":"000000008","order_status":"Pending","order_date":"2017-06-22 01:48:20","customer_name":"Cody Barks","customer_email":"cody@codestr.com","shipping_method":"freeshipping_freeshipping","order_items":[{"itemStatus":"Ordered","ref_id":"117","item_id":"25","print_status":null,"product_price":"11.5800","config_product_id":"439","product_id":"1813","product_sku":"G800-Ash Grey-L","product_name":"G800-Ash Grey-L","quantity":12,"xe_size":"L","xe_color":"Ash Grey"},{"itemStatus":"Ordered","ref_id":"117","item_id":"27","print_status":null,"product_price":"11.5800","config_product_id":"439","product_id":"1814","product_sku":"G800-Ash Grey-XL","product_name":"G800-Ash Grey-XL","quantity":12,"xe_size":"XL","xe_color":"Ash Grey"}]}}