{"order_details":{"shipping_address":{"first_name":"Cody","last_name":"Barks","fax":null,"region":"Missouri","postcode":"65775","telephone":"4043086689","city":"West Plains ","address_1":"626 Joe Jones Blvd","state":"Missouri","company":"ScreenShots","email":"cody@codestr.com","country":null},"billing_address":{"first_name":"Cody","last_name":"Barks","fax":null,"region":"Missouri","postcode":"65775","telephone":"4043086689","state":"Missouri","city":"West Plains ","address_1":"626 Joe Jones Blvd","company":"ScreenShots","email":"cody@codestr.com","country":null},"order_id":"3","order_incremental_id":"000000003","order_status":"Pending","order_date":"2017-06-05 05:11:03","customer_name":"Cody Barks","customer_email":"cody@codestr.com","shipping_method":"freeshipping_freeshipping","order_items":[{"itemStatus":"Ordered","ref_id":"98","item_id":"5","print_status":null,"product_price":"11.8300","config_product_id":"439","product_id":"1843","product_sku":"G800-Daisy-S","product_name":"G800-Daisy-S","quantity":12,"xe_size":"S","xe_color":"Daisy"},{"itemStatus":"Ordered","ref_id":"99","item_id":"7","print_status":null,"product_price":"11.8300","config_product_id":"439","product_id":"1843","product_sku":"G800-Daisy-S","product_name":"G800-Daisy-S","quantity":12,"xe_size":"S","xe_color":"Daisy"},{"itemStatus":"Ordered","ref_id":"100","item_id":"9","print_status":null,"product_price":"11.8300","config_product_id":"439","product_id":"1811","product_sku":"G800-Ash Grey-S","product_name":"G800-Ash Grey-S","quantity":12,"xe_size":"S","xe_color":"Ash Grey"}]}}