{"version":1.2,"sizeData":[{"is_predeco_product_template":false,"qty":12,"totalQty":0,"id":439,"refid":0,"addedprice":"14.00","simple_product":{"xe_color":"Electric Green","xe_size":"L","simpleProductId":"1869"}},{"is_predeco_product_template":false,"qty":0,"totalQty":0,"id":439,"refid":0,"addedprice":"14.00","simple_product":{"xe_color":"Electric Green","xe_size":"M","simpleProductId":"1868"}},{"is_predeco_product_template":false,"qty":12,"totalQty":0,"id":439,"refid":0,"addedprice":"14.00","simple_product":{"xe_color":"Electric Green","xe_size":"S","simpleProductId":"1867"}},{"is_predeco_product_template":false,"qty":0,"totalQty":0,"id":439,"refid":0,"addedprice":"14.00","simple_product":{"xe_color":"Electric Green","xe_size":"XL","simpleProductId":"1870"}},{"is_predeco_product_template":false,"qty":0,"totalQty":0,"id":439,"refid":0,"addedprice":"14.00","simple_product":{"xe_color":"Electric Green","xe_size":"2XL","simpleProductId":"1871"}},{"is_predeco_product_template":false,"qty":0,"totalQty":0,"id":439,"refid":0,"addedprice":"14.00","simple_product":{"xe_color":"Electric Green","xe_size":"3XL","simpleProductId":"1872"}},{"is_predeco_product_template":false,"qty":0,"totalQty":0,"id":439,"refid":0,"addedprice":"14.00","simple_product":{"xe_color":"Electric Green","xe_size":"4XL","simpleProductId":"1873"}},{"is_predeco_product_template":false,"qty":0,"totalQty":0,"id":439,"refid":0,"addedprice":"14.00","simple_product":{"xe_color":"Electric Green","xe_size":"5XL","simpleProductId":"1874"}}],"printType":"Screen Print A","multipleBoundary":"false","printTypeId":"1","productInfo":{"productId":439,"variantId":"1867"},"sides":[{"url":"https://www.screenshotsinc.com//designer-tool/designer-assets/screenshotsinc_com/images/productTemplate/16/50.png","svg":"<svg width=\"500\" height=\"500\" xmlns=\"http://www.w3.org/2000/svg\" xmlns:xhtml=\"http://www.w3.org/1999/xhtml\" xmlns:xlink=\"http://www.w3.org/1999/xlink\" class=\"mainContent\">\n <!-- Created with Product Designer Tool by Riaxe-->\n <defs>\n  <mask patternUnits=\"userSpaceOnUse\" x=\"0\" y=\"0\" width=\"500\" height=\"500\">\n   <image id=\"xe_8ugu\" xlink:href=\"#\" x=\"0\" y=\"0\" width=\"500\" height=\"500\" xmlns:xlink=\"http://www.w3.org/1999/xlink\"/>\n  </mask>\n  <image id=\"xe_h8e6\" xlink:href=\"#\" width=\"500\" height=\"500\" preserveAspectRatio=\"none\" xmlns:xlink=\"http://www.w3.org/1999/xlink\"/>\n  <clipPath id=\"boundryClipPath0\" class=\"boundryClipPath\">\n   <rect aHeight=\"13\" aWidth=\"12\" height=\"173\" width=\"160\" y=\"162.27991\" x=\"169.72622\" id=\"boundRectangle\"/>\n  </clipPath>\n  <filter id=\"filter8483\" style=\"color-interpolation-filters:sRGB;\">\n   <feColorMatrix values=\"0\" result=\"colormatrix\" id=\"feColorMatrix8485\" type=\"matrix\"/>\n  </filter>\n  <g id=\"xe_d0ab\" type=\"patternG\" xmlns:xlink=\"http://www.w3.org/1999/xlink\"/>\n </defs>\n <g id=\"layer_background\">\n  <title>background</title>\n  <rect id=\"canvas_background\" x=\"-1\" y=\"-1\" width=\"502\" height=\"502\" fill-opacity=\"0\" stroke=\"#000000\" stroke-width=\"0\" fill=\"#fff\" opacity=\"0\"/>\n  <g id=\"bleedM\">\n   <rect isBleed=\"false\" id=\"cropM\" isbleed=\"false\" class=\"bleedRect\" width=\"0\" height=\"0\" x=\"0\" y=\"0\" fill=\"none\" stroke=\"#ff0000\" stroke-width=\"0.5\" display=\"none\"/>\n   <rect id=\"safeM\" class=\"bleedRect\" width=\"0\" height=\"0\" x=\"0\" y=\"0\" fill=\"none\" stroke=\"#2B8F49\" stroke-width=\"0.5\" stroke-dasharray=\"3,3\" display=\"none\"/>\n   <path isBleed=\"false\" pointer-events=\"bounding-box\" id=\"cropMMask\" isbleed=\"false\" class=\"bleedPath\" width=\"0\" height=\"0\" awidth=\"0\" aheight=\"0\" x=\"0\" y=\"0\" ax=\"0\" ay=\"0\" fill=\"none\" stroke=\"#ff0000\" display=\"none\"/>\n   <path pointer-events=\"bounding-box\" id=\"safeMMask\" class=\"bleedPath\" width=\"0\" height=\"0\" awidth=\"0\" aheight=\"0\" x=\"0\" y=\"0\" ax=\"0\" ay=\"0\" fill=\"none\" stroke=\"#2B8F49\" stroke-width=\"2\" stroke-dasharray=\"5,5\" display=\"none\"/>\n   <rect id=\"hAlignTleft\" class=\"bleedRect\" width=\"0\" height=\"0.5\" x=\"0\" y=\"0\" fill=\"#ff0000\" display=\"none\"/>\n   <rect id=\"hAlignBleft\" class=\"bleedRect\" width=\"0\" height=\"0.5\" x=\"0\" y=\"0\" fill=\"#ff0000\" display=\"none\"/>\n   <rect id=\"vAlignBleft\" class=\"bleedRect\" width=\"0.5\" height=\"0\" x=\"0\" y=\"0\" fill=\"#ff0000\" display=\"none\"/>\n   <rect id=\"vAlignTleft\" class=\"bleedRect\" width=\"0.5\" height=\"0\" x=\"0\" y=\"0\" fill=\"#ff0000\" display=\"none\"/>\n   <rect id=\"hAlignTright\" class=\"bleedRect\" width=\"0\" height=\"0.5\" x=\"0\" y=\"0\" fill=\"#ff0000\" display=\"none\"/>\n   <rect id=\"hAlignBright\" class=\"bleedRect\" width=\"0\" height=\"0.5\" x=\"0\" y=\"0\" fill=\"#ff0000\" display=\"none\"/>\n   <rect id=\"vAlignTright\" class=\"bleedRect\" width=\"0.5\" height=\"0\" x=\"0\" y=\"0\" fill=\"#ff0000\" display=\"none\"/>\n   <rect id=\"vAlignBright\" class=\"bleedRect\" width=\"0.5\" height=\"0\" x=\"0\" y=\"0\" fill=\"#ff0000\" display=\"none\"/>\n  </g>\n </g>\n <g clip-path=\"url(#boundryClipPath0)\" id=\"layer_area_0\">\n  <title>area_0</title>\n  <g type=\"bg_area_0\" id=\"background\"/>\n  <g type=\"bgptrn_area_0\" id=\"pbgpattern\"/>\n  <g type=\"bgBrdr_area_0\" id=\"backgroundBorder\"/>\n  <g xe_p=\"&amp;#35;&amp;#103;&amp;#81;&amp;#84;&amp;#19;&amp;#58;&amp;#122;&amp;#61;&amp;#93;&amp;#111;&amp;#85;&amp;#114;&amp;#96;&amp;#42;&amp;#26;&amp;#28;&amp;#19;&amp;#116;&amp;#33;&amp;#53;&amp;#93;&amp;#18;&amp;#11;&amp;#34;&amp;#60;&amp;#32;&amp;#75;&amp;#89;&amp;#86;&amp;#110;&amp;#122;&amp;#105;&amp;#26;&amp;#83;&amp;#94;&amp;#108;&amp;#55;&amp;#55;&amp;#75;&amp;#18;&amp;#11;&amp;#91;&amp;#122;&amp;#102;&amp;#94;&amp;#86;&amp;#87;&amp;#102;&amp;#62;&amp;#35;&amp;#26;&amp;#109;&amp;#29;&amp;#34;&amp;#40;&amp;#55;&amp;#81;&amp;#83;&amp;#84;&amp;#34;&amp;#98;&amp;#103;&amp;#8;&amp;#30;&amp;#1;&amp;#48;&amp;#122;&amp;#105;&amp;#26;&amp;#89;&amp;#66;&amp;#83;&amp;#59;&amp;#36;&amp;#84;&amp;#81;&amp;#83;&amp;#108;&amp;#61;&amp;#103;&amp;#2;&amp;#18;&amp;#0;&amp;#34;&amp;#116;&amp;#103;&amp;#91;&amp;#95;&amp;#93;&amp;#111;&amp;#42;&amp;#0;&amp;#92;&amp;#89;&amp;#69;&amp;#34;&amp;#98;&amp;#35;&amp;#89;&amp;#92;&amp;#66;&amp;#101;&amp;#116;&amp;#103;&amp;#74;&amp;#85;&amp;#66;&amp;#105;&amp;#34;&amp;#32;&amp;#26;&amp;#10;&amp;#87;&amp;#97;&amp;#52;&amp;#54;&amp;#93;&amp;#28;&amp;#19;&amp;#112;&amp;#55;&amp;#54;&amp;#81;&amp;#68;&amp;#88;&amp;#111;&amp;#54;&amp;#103;&amp;#2;&amp;#86;&amp;#80;&amp;#108;&amp;#43;&amp;#32;&amp;#20;&amp;#18;&amp;#93;&amp;#111;&amp;#59;&amp;#46;&amp;#104;&amp;#66;&amp;#94;&amp;#112;&amp;#61;&amp;#55;&amp;#76;&amp;#89;&amp;#84;&amp;#115;&amp;#122;&amp;#127;&amp;#67;&amp;#18;&amp;#82;&amp;#111;&amp;#52;&amp;#42;&amp;#74;&amp;#117;&amp;#85;&amp;#105;&amp;#44;&amp;#103;&amp;#2;&amp;#86;&amp;#80;&amp;#108;&amp;#43;&amp;#32;&amp;#20;&amp;#18;&amp;#67;&amp;#101;&amp;#43;&amp;#44;&amp;#66;&amp;#85;&amp;#19;&amp;#58;&amp;#62;&amp;#36;&amp;#84;&amp;#67;&amp;#84;&amp;#44;&amp;#122;&amp;#40;&amp;#87;&amp;#70;&amp;#84;&amp;#34;&amp;#98;&amp;#35;&amp;#89;&amp;#92;&amp;#66;&amp;#101;&amp;#116;&amp;#103;&amp;#74;&amp;#95;&amp;#69;&amp;#97;&amp;#44;&amp;#32;&amp;#26;&amp;#10;&amp;#87;&amp;#97;&amp;#52;&amp;#54;&amp;#93;&amp;#28;&amp;#19;&amp;#100;&amp;#61;&amp;#41;&amp;#93;&amp;#68;&amp;#84;&amp;#34;&amp;#98;&amp;#35;&amp;#89;&amp;#92;&amp;#66;&amp;#101;&amp;#37;&amp;#56;\" id=\"xe_dr8o\" scaled=\"true\">\n   <g id=\"xe_he4z\">\n    <g id=\"xe_q3ki\">\n     <path fill-rule=\"evenodd\" clip-rule=\"evenodd\" fill=\"#ffffff\" d=\"M319.84123,190.00969C322.03371,189.73571 323.85863,191.81245 325.31968,196.24114C325.45759,197.51994 325.45759,198.66082 325.31968,199.66563C325.18299,200.71601 324.88623,201.65186 324.43,202.4732C324.11045,202.56555 323.74535,202.51999 323.33345,202.33652C322.37543,201.92585 321.14219,200.4882 319.6362,198.02173C318.95155,195.87665 318.72312,194.02771 318.95155,192.47493C319.04267,191.56309 319.31727,190.76269 319.77288,190.07803C319.77227,190.03247 319.79505,190.00969 319.84123,190.00969zM318.81363,189.53068C318.53965,190.30646 318.35802,191.28787 318.26628,192.47432C318.08342,194.3017 318.10558,196.58346 318.33462,199.32269C317.01088,196.72138 316.55403,194.11822 316.9647,191.51506C316.05162,192.88499 314.79684,193.79806 313.19788,194.25429C313.97427,193.43357 314.5678,192.58884 314.97847,191.72132C315.02403,191.72132 315.04681,191.69854 315.04681,191.65298C315.95989,189.73509 315.91494,187.79504 314.91013,185.83159C314.86333,185.78602 314.79622,185.74046 314.70387,185.69367C313.83635,185.14632 312.96946,184.75843 312.10256,184.53001C312.10256,184.48445 312.07793,184.46167 312.03298,184.46167C308.74641,183.54797 305.5725,185.00902 302.51496,188.8448C301.78413,189.62057 301.00774,190.30522 300.1864,190.89937C300.09405,190.94493 300.00292,191.01327 299.91242,191.10378C299.82129,191.10378 299.73017,191.12656 299.63843,191.17212C298.8171,191.72071 297.94897,192.17694 297.03651,192.54204C296.66955,192.67996 296.28167,192.81603 295.871,192.95394L297.17258,192.95394C292.97231,194.45993 288.43033,196.74293 283.54356,199.80232L284.16048,198.4324L275.12085,196.78849C269.82403,195.37301 264.55122,196.51389 259.30058,200.21237C256.51579,201.80948 253.22798,202.24416 249.43961,201.51395C237.15834,205.02895 227.9808,210.782 221.90882,218.77126C221.86326,218.81682 221.81769,218.86238 221.77213,218.90794C221.72534,219.00029 221.67978,219.0908 221.63422,219.18192C217.38839,227.6742 212.86919,232.28452 208.07539,233.01659L214.30806,224.38762L208.96568,226.58011L217.86863,218.77249L221.97777,212.67711L219.78652,213.842C219.0563,210.69088 216.68218,208.47746 212.66416,207.19804L214.03408,209.32096C213.34943,208.40911 211.3632,208.13451 208.07662,208.49962C210.26788,209.36775 211.24929,210.21187 211.02087,211.0332C209.42376,210.02901 207.80263,210.28021 206.15873,211.78743C208.30566,212.24366 209.35418,212.88275 209.30862,213.70409L204.85715,213.97807C203.44228,219.86719 203.4195,224.61543 204.78881,228.2234C204.78881,228.26896 204.81159,228.33731 204.85715,228.42843C204.85715,230.89367 205.2906,232.83434 206.15873,234.24982C204.65274,234.06758 203.32838,232.65271 202.1875,230.00399C195.47581,233.19945 190.29412,239.36317 186.64121,248.49454C188.78813,250.13844 190.02014,251.78111 190.33968,253.42502C187.09743,252.51133 184.03989,253.08208 181.16275,255.13665C177.46427,260.25061 173.65312,264.06238 169.72622,266.57441C172.92168,263.60615 175.98045,259.26858 178.90315,253.5617C178.99366,253.33328 179.10818,253.12764 179.24548,252.94539C179.33599,252.71697 179.45051,252.51071 179.58781,252.32908C185.11182,241.73667 192.41642,233.0172 201.50223,226.16883C201.73004,225.11845 201.27381,224.20538 200.13231,223.4296C200.95365,222.6526 200.95365,221.8996 200.13231,221.16939C200.26899,212.67711 203.26004,206.85572 209.1036,203.70582C209.33264,203.56914 209.55983,203.43184 209.78825,203.29515C212.6186,201.65125 216.72775,203.04395 222.11507,207.47264C223.43759,208.75144 224.6031,209.34435 225.6073,209.25323L225.67564,209.18489C230.14989,205.1213 236.38257,202.4732 244.37182,201.24119C247.20217,200.96721 249.4156,200.0763 251.01456,198.57031C255.21606,198.707 258.57036,197.72619 261.08301,195.62483C267.79285,192.56606 275.64604,192.22373 284.64011,194.59785C286.87816,195.73996 289.61739,195.39764 292.8584,193.57087L301.00835,188.09242C302.51557,185.85621 304.47903,184.28065 306.89686,183.36819C310.0486,182.63675 313.01563,183.23028 315.7998,185.14878C315.89093,185.23929 316.00606,185.33041 316.14275,185.42276C316.50909,185.69552 316.87296,185.99228 317.2393,186.31244C317.51205,186.54087 317.78665,186.74589 318.06064,186.92875C319.06545,187.61341 320.00131,188.09242 320.8682,188.3664C328.2196,191.9282 329.7262,196.65242 325.38802,202.54339L325.38802,202.61112C327.35147,208.36417 326.9642,213.68192 324.22436,218.56746L323.60743,216.51289C323.51692,217.15259 323.4258,217.7689 323.33345,218.36243C322.51211,222.1976 321.23393,225.57591 319.49828,228.49739C318.81363,230.68988 318.99711,232.40151 320.04687,233.63351C320.45754,234.09097 321.00612,234.50164 321.69077,234.86675C321.41679,234.82119 321.14219,234.77563 320.8682,234.73006C320.64101,234.6845 320.45754,234.63771 320.32085,234.59215C320.45754,234.82057 320.5936,235.04838 320.73152,235.2768C322.10144,237.7876 322.71837,240.41293 322.58045,243.15215C322.44377,244.97769 322.53489,246.71456 322.85444,248.35662C323.03791,249.36143 323.28788,250.34347 323.60743,251.3021C323.92759,252.21518 324.20158,253.12826 324.43,254.04133C327.62545,266.825 326.32388,275.36222 320.52588,279.65485L323.06008,286.36531L319.49828,284.99538C313.83697,295.7251 309.84234,305.70058 307.51378,314.92308C308.9305,305.65502 311.98804,295.97692 316.69072,285.88568L311.07558,287.46186C314.27103,285.31493 316.87235,282.69084 318.88197,279.58589C322.89938,273.19375 324.47556,264.74703 323.60743,254.24759C322.87722,252.78531 322.30647,250.89144 321.8958,248.56288C321.62181,247.19296 321.41679,245.68697 321.27887,244.04306C321.00612,239.61437 320.22911,236.92071 318.95155,235.96145C317.39938,236.78402 316.21232,238.03881 315.38975,239.72827C312.834,246.89681 309.43229,252.67203 305.18584,257.05516C308.10855,252.16839 311.05218,246.09764 314.02045,238.83921C314.24949,238.42731 314.45513,238.03942 314.63737,237.6737C316.0978,235.1629 317.5373,233.81637 318.95216,233.6329C318.08465,232.44645 318.08465,230.46022 318.95216,227.67543C321.00674,224.06808 322.42222,219.20594 323.19799,213.08778L324.49957,215.75866C325.73158,211.19328 325.25257,206.90128 323.06131,202.88448C324.33888,203.70582 325.18422,202.67884 325.59489,199.80293L325.59489,199.73336C325.73158,198.91202 325.82332,197.9306 325.86888,196.78972C325.86888,196.6986 325.8461,196.60624 325.80053,196.51512C325.80053,196.42461 325.80053,196.2867 325.80053,196.10445C325.07032,191.67576 323.22077,189.43771 320.25251,189.39276C320.11583,189.39276 319.95698,189.39276 319.7735,189.39276C319.45334,189.43833 319.13318,189.48389 318.81363,189.53068zM307.3771,193.2975C305.68763,192.29269 303.3363,191.56247 300.32247,191.10501C301.46397,190.92338 302.44539,190.42036 303.26795,189.59902C303.31352,189.55346 303.35846,189.48389 303.40464,189.39338C306.05336,185.83282 308.90649,184.37177 311.96464,185.01025C314.88735,187.01926 315.77826,189.18897 314.63614,191.51568C312.35438,193.98215 309.93347,194.57445 307.3771,193.2975zM305.04854,209.18489C304.91186,208.95585 304.63787,208.84256 304.22721,208.84256C303.99878,208.84256 303.58812,208.97925 302.99397,209.25323C302.39982,209.57278 301.98916,209.73347 301.76073,209.73347L301.76073,209.52783C301.71517,209.16272 301.62405,208.88812 301.48798,208.70649C301.3045,208.47807 301.10009,208.36417 300.87167,208.36417C300.68819,208.36417 300.50595,208.40973 300.32247,208.50085C300.00292,208.68433 299.79667,208.91152 299.70616,209.1855C299.52391,209.41454 299.38785,209.71131 299.29549,210.07641C299.06707,210.80724 298.95316,211.55962 298.95316,212.3354S298.95316,213.52307 298.95316,213.56864C299.0449,213.84262 299.36322,213.9793 299.91242,213.9793C300.55151,213.9793 301.10009,213.8654 301.55632,213.63698C302.14862,213.31743 302.51557,212.83842 302.65164,212.19933C302.65164,212.29045 302.69659,212.33601 302.78771,212.33601C302.74277,212.47393 302.85729,212.7239 303.13065,213.08901C303.40464,213.50091 303.65646,213.70532 303.8855,213.70532C304.02218,213.70532 304.15763,213.63698 304.29616,213.50029C304.43223,213.4535 304.66127,213.27125 304.98082,212.95171C304.98082,213.18075 305.04854,213.43072 305.18523,213.7047C305.3687,213.97869 305.45921,214.23051 305.45921,214.4577C305.59713,214.4577 305.80154,214.34379 306.07552,214.11537C306.21221,214.02425 306.35012,213.93374 306.48619,213.84262C306.48619,213.9793 306.55453,214.20773 306.69245,214.52727C306.82913,214.84743 307.01261,215.00628 307.2398,215.00628C307.46822,215.00628 307.81117,214.82342 308.26678,214.4577C308.26678,214.55005 308.31234,214.59561 308.40531,214.59561C308.40531,215.14297 308.60972,215.50807 309.02162,215.69094C309.3855,215.82762 309.82018,215.80484 310.32135,215.62259C310.23085,216.21674 310.18467,217.15136 310.18467,218.43016L311.21226,218.43016C311.53242,217.92899 311.82857,217.33484 312.10317,216.64957C312.51323,215.73588 312.71825,215.00567 312.71825,214.45708C312.71825,214.09198 312.67269,213.84139 312.58157,213.70409C312.44488,213.52246 312.1709,213.4301 311.76023,213.4301C311.62232,213.4301 311.43945,213.45288 311.21165,213.49968C310.98446,213.54524 310.84654,213.56802 310.80098,213.56802L310.93766,213.15735C311.0294,212.97449 311.07558,212.81502 311.07558,212.67711C311.07558,212.54043 311.03002,212.38034 310.93766,212.1981C310.84716,212.01524 310.80098,211.87855 310.80098,211.78743C310.6175,211.78743 310.2998,211.85577 309.84173,211.99246C309.43106,212.13037 309.1109,212.1981 308.88247,212.1981C308.88247,211.87855 308.85969,211.62673 308.81413,211.4451C308.72363,211.26224 308.54015,211.17112 308.26555,211.17112C308.12886,211.17112 307.9694,211.23946 307.78715,211.37615C307.55996,211.55901 307.42205,211.69569 307.37648,211.78805C307.28475,211.23946 307.21702,210.85157 307.17023,210.62315C307.12528,210.21248 306.8279,210.00684 306.28116,210.00684C306.19066,210.00684 306.05274,210.07641 305.86926,210.21248C305.68702,210.34917 305.55033,210.48647 305.4586,210.62315L305.4586,210.41813C305.27573,209.73347 305.13967,209.32157 305.04854,209.18489zM281.07955,199.80355C278.29537,202.999 276.01176,206.2628 274.23117,209.59556C272.95299,212.15315 271.94941,214.73168 271.21735,217.33484C270.25809,214.82281 270.23716,212.33478 271.14962,209.86954C269.04949,210.41813 266.97213,209.48165 264.91756,207.06197C264.00448,207.06197 263.11296,207.47264 262.24667,208.29398C265.53448,202.22261 270.25871,199.55173 276.42182,200.28194C276.65085,200.37307 276.90206,200.41863 277.17666,200.41863C278.3631,200.55654 279.50398,200.14587 280.60115,199.18662L281.07955,199.80355zM291.55806,211.71847C290.18813,213.4535 289.61739,216.28508 289.84581,220.21075C289.84581,220.43979 289.86736,220.6442 289.91415,220.82706C290.32482,222.4254 291.67134,220.6676 293.95495,215.55425C294.04546,215.37139 294.1372,215.18914 294.22771,215.00567C294.68517,212.54043 293.81704,211.42232 291.62578,211.64951C291.57899,211.65013 291.55806,211.67291 291.55806,211.71847zM278.27198,246.71456C277.22222,244.70555 277.24438,241.73729 278.3397,237.81162C279.528,233.56517 281.96984,228.2468 285.66709,221.85466C282.10652,226.69402 279.3673,231.92126 277.44879,237.53763L276.8331,237.33137C281.67246,222.63043 286.39669,213.52307 291.00886,210.00623C298.08442,206.53679 304.47779,205.30478 310.18405,206.30898C316.62176,208.59136 319.81721,213.22569 319.77165,220.21075C319.40654,222.76835 318.76745,225.34688 317.85376,227.95003C316.80523,231.00881 315.4113,234.06819 313.67689,237.12696C312.71764,238.76902 311.69004,240.41293 310.59472,242.05683C310.41186,242.28587 310.22961,242.51306 310.04798,242.74148L301.00712,259.86211L314.29258,231.78396C309.63547,237.17129 305.95977,242.58079 303.26734,248.01368C305.13843,242.12456 305.48138,238.9291 304.29493,238.42608C300.41421,244.81822 297.65097,251.96336 296.0083,259.86149C295.68752,254.83927 297.01188,249.17796 299.97953,242.87755C296.46453,240.50467 292.97169,243.44892 289.50225,251.71216C288.77142,248.92737 287.42366,248.08325 285.46145,249.17857C283.08856,245.3902 280.69166,244.56764 278.27198,246.71456zM311.41852,219.45776C311.14392,219.7773 310.9155,220.07407 310.73387,220.34867C310.68831,220.43979 310.61812,220.55369 310.52761,220.69099C310.34537,221.01054 310.23085,221.19278 310.18467,221.23834C310.13972,221.28391 310.11694,221.35348 310.11694,221.44399C310.07015,221.67118 310.04922,221.90022 310.04922,222.12864C310.04922,222.62982 310.13972,223.2923 310.32135,224.11487C310.55039,225.11907 310.70924,225.89546 310.80159,226.4422C310.80159,226.67062 310.86932,227.40145 311.00601,228.63469C311.18948,229.82113 311.50903,230.41528 311.96526,230.41528C312.92451,230.41528 313.76986,229.3649 314.50007,227.26538C315.09422,225.57591 315.38914,224.00035 315.38914,222.53992C315.38914,221.03393 315.32141,220.09746 315.18473,219.73236C314.9563,218.7731 314.3166,218.29471 313.26684,218.29471C312.80938,218.29471 312.33036,218.54468 311.82857,219.0477C311.69066,219.13759 311.55459,219.27428 311.41852,219.45776zM313.06058,264.65714C314.79684,267.25968 315.57261,269.99891 315.38914,272.87543C317.58163,271.45995 319.15596,268.355 320.11521,263.56182C319.7501,276.52835 314.77283,284.60873 305.18523,287.8048L310.45865,282.46242L302.17263,284.996C309.88852,281.2064 313.51804,274.42637 313.06058,264.65714zM308.88371,269.79265L308.54076,270.06663C304.7056,270.84241 302.03533,275.36222 300.52873,283.62546C300.0725,278.55891 300.43699,273.74048 301.62405,269.17511C302.17263,267.12115 302.90285,265.11152 303.81531,263.1493C304.4544,261.77938 305.16306,260.45564 305.93945,259.17746C306.21221,264.4281 307.19424,267.96773 308.88371,269.79265zM293.47471,264.93112L302.37704,260.61572C303.01675,262.30457 301.98916,264.47489 299.29549,267.12177C298.56466,267.8058 297.72116,268.53663 296.76252,269.31425L291.83081,267.53182L290.05022,268.14874L288.88594,267.53182L286.35174,268.14874L285.46206,266.36816C283.54417,266.91674 282.10652,266.96168 281.14727,266.50484C281.01059,266.41372 280.85174,266.30043 280.66826,266.1619C280.62147,266.11695 280.60054,266.07139 280.60054,266.02583C279.59449,261.23141 280.07473,257.35131 282.03818,254.38304C283.043,255.66245 284.18388,258.33211 285.46268,262.39569L288.74926,262.94428L289.02324,264.3142L291.69474,263.28722L293.47533,263.8358L293.47533,264.93112L293.47471,264.93112zM291.42014,291.50143C292.15158,293.64836 292.81223,294.94994 293.40637,295.40617C292.76728,295.17713 291.53404,294.60761 289.70789,293.69392C287.88236,292.78084 286.74024,292.25627 286.2834,292.11836C286.2834,292.52903 286.51244,293.14534 286.96805,293.9679C287.42428,294.8348 287.90452,295.49667 288.40631,295.95352L288.40631,298.6244C286.85415,297.25448 285.5304,296.15916 284.43508,295.33783C282.42545,293.8306 280.57591,293.05483 278.88767,293.00927C278.88767,295.79405 278.68203,298.76232 278.27136,301.91221C278.04232,301.182 277.33489,299.88042 276.14845,298.00809C275.00695,296.2275 274.13943,295.06384 273.54529,294.51526C273.54529,294.97149 273.33965,296.82103 272.92898,300.06267C272.51831,302.93981 272.24433,304.74256 272.10764,305.47278L271.7647,305.40505C271.49072,304.1712 270.32705,301.72874 268.27248,298.07767C266.67414,295.24609 265.37256,293.05544 264.36774,291.50205C264.36774,291.73109 264.27724,291.84499 264.09376,291.84499C264.04881,293.71732 263.2952,296.137 261.83477,299.10526C261.46967,299.83548 260.96665,300.81689 260.32755,302.0489C259.87132,303.05371 259.6429,303.78331 259.6429,304.24139C259.50622,303.28213 259.32459,300.74732 259.09555,296.63879C258.86651,292.66756 258.75322,290.08656 258.75322,288.90074L258.47924,288.90074C256.51579,290.77183 254.75736,292.53026 253.20643,294.17355C250.96899,296.59323 249.59907,298.30486 249.09728,299.30967L249.02771,299.24195C248.98215,297.32406 249.62124,294.81325 250.9456,291.70892C252.04092,289.01464 253.31972,286.70886 254.78014,284.79221C255.19143,284.38154 255.44263,284.17589 255.53375,284.17589L255.53375,283.83295C255.261,284.15311 255.00918,284.47266 254.78014,284.79221C253.86707,285.61354 252.201,287.14354 249.78193,289.38036C246.40362,292.53026 244.16557,294.62978 243.07025,295.68138C243.43535,294.1286 244.27947,292.25689 245.60383,290.06502C247.0187,288.46606 248.57209,286.96007 250.26094,285.5452C252.17945,283.99303 253.59493,282.82875 254.50616,282.05236C256.014,280.77418 257.29095,279.54218 258.34194,278.35389L258.47924,278.49057C258.47924,278.85752 258.18247,279.74659 257.58833,281.16207L257.58833,282.66929C258.13691,282.57694 258.70643,282.23461 259.30058,281.6417C259.80298,281.0026 260.12314,280.6375 260.25921,280.54514L260.25921,282.66929C259.98523,283.21664 259.6429,283.99303 259.23223,284.99662C258.86651,285.81918 258.63932,286.41148 258.54758,286.77844L258.47985,286.77844L258.47985,287.12076C258.48232,287.02471 258.50387,286.90958 258.54758,286.77844C258.77662,286.64052 259.43849,286.25263 260.53381,285.61293C261.76766,284.88271 262.47325,284.49482 262.65673,284.44926L262.65673,290.0644L262.93071,290.0644C263.43312,289.65373 264.25446,288.64892 265.39595,287.05057C266.49127,285.54458 267.2455,284.38031 267.65617,283.55774C267.79285,283.92346 268.3636,285.17886 269.36842,287.32456C270.50991,289.65312 271.21673,290.95469 271.49072,291.22868C271.67296,289.08237 271.7647,286.22924 271.7647,282.66867C272.22093,282.89587 273.4086,283.74121 275.32526,285.20164C277.06029,286.48044 278.24797,287.41691 278.88706,288.00983L278.88706,287.66688C278.84211,287.62194 278.31569,286.70763 277.31149,284.92766C276.39965,283.37611 275.94157,282.53076 275.94157,282.39469C275.94157,281.80054 276.1232,281.50378 276.49016,281.50378C276.99133,281.82394 277.90564,282.50859 279.22938,283.55835C280.5993,284.60873 281.78513,285.45346 282.78995,286.09317C285.93984,287.96426 288.38353,288.49007 290.11671,287.6675C290.30204,287.98643 290.73549,289.26523 291.42014,291.50143zM290.25648,272.25789C291.6264,276.73215 293.74931,276.06966 296.62522,270.27104C294.34284,281.22918 292.2187,281.89105 290.25648,272.25789zM289.29722,269.86161C289.29722,270.2261 289.27444,270.56842 289.2295,270.88859C288.86377,274.45038 287.4249,276.34426 284.91409,276.57268C284.00102,275.4318 283.22524,274.13022 282.58554,272.66856C281.90088,271.16257 281.35353,269.54145 280.94286,267.80642C283.72765,269.95335 286.51305,270.638 289.29722,269.86161zM244.78311,230.96324C243.23156,232.8799 242.34065,234.2726 242.11222,235.14073C244.25915,233.72525 246.54092,232.013 248.9606,230.00461C250.78613,228.72581 252.7502,228.08672 254.84972,228.08672L254.98763,228.42904C252.61351,229.20482 250.42226,230.89429 248.41324,233.49683C246.22076,236.28162 244.91979,239.11196 244.50912,241.98911C246.83768,240.25408 249.7376,238.72408 253.20704,237.39972C256.1279,236.3044 259.11956,235.46028 262.17833,234.86675L262.24606,235.14073C261.05838,235.5514 259.41571,236.46448 257.31558,237.87996C254.89466,239.56943 253.38806,241.02985 252.79453,242.26309C253.11531,242.26309 254.27897,242.05683 256.2886,241.64678C257.70346,241.37218 258.77662,241.2121 259.50683,241.16654C258.82218,241.53288 257.95528,242.10301 256.90368,242.87878C255.71723,243.83804 254.82755,244.61504 254.23341,245.20796C254.64469,245.20796 255.10031,245.1624 255.60333,245.07066C255.87608,244.97892 256.30953,244.81945 256.90368,244.59103L258.6855,244.59103C258.31854,244.95799 257.79459,245.64202 257.10993,246.6456C256.42466,247.65042 255.85515,248.35724 255.39769,248.76975C255.80835,249.1798 256.51579,249.77272 257.51999,250.54973C258.47985,251.32612 259.25501,252.19363 259.84854,253.15227C258.84435,252.97002 257.56678,253.10671 256.014,253.56355C254.50616,254.0204 253.22798,254.59115 252.17883,255.2758L252.17883,249.04312C251.49357,249.18042 250.7849,249.52275 250.05469,250.0701C249.32447,250.70981 248.75434,251.16665 248.34244,251.44002L248.34244,248.77037C248.57148,248.49638 248.86824,247.60486 249.23335,246.09887L249.23335,245.48256C248.5487,245.84766 247.5211,246.53232 246.1518,247.53652C244.82805,248.54194 243.87003,249.3405 243.2765,249.93403C243.41257,248.88427 243.70995,248.13066 244.16557,247.67382C244.89701,246.94299 245.3988,246.32791 245.67279,245.82488C242.52166,246.14505 239.64575,246.89804 237.04259,248.08571C233.66428,249.68283 231.81535,251.69122 231.4958,254.1109C231.99698,253.28957 232.88789,252.67326 234.16668,252.26259C234.94246,251.9886 236.22064,251.6235 238.00123,251.16727L238.20749,251.30395C237.79682,251.80697 237.02104,253.29018 235.87893,255.75481C234.50901,258.67628 233.73323,260.29802 233.54976,260.61695L233.54976,260.89093C234.05155,260.61695 235.28479,259.70326 237.24824,258.15171C239.16674,256.69128 240.19372,255.93644 240.32979,255.89149L240.46647,256.02879C237.68169,258.90532 235.39992,262.73987 233.6181,267.53367C232.61513,270.13744 231.70144,273.15065 230.87887,276.57453L230.60612,276.57453C230.60612,276.02594 230.56056,274.97618 230.46821,273.42525C230.33152,271.87185 230.26318,271.00372 230.26318,270.82148C230.26318,269.13262 230.30874,268.15059 230.39986,267.87661C230.44542,267.37543 230.81053,266.32506 231.49518,264.72671L231.49518,264.45273C231.03895,264.91019 230.05754,265.75431 228.55093,266.98693C227.13607,268.17399 226.13002,268.99656 225.53711,269.45217L225.53711,267.74054C225.53711,266.64522 226.06291,264.20276 227.11144,260.41316C228.20799,256.71529 228.77812,254.82018 228.82307,254.72906L228.82307,254.38612C228.59588,254.88914 227.70497,256.00786 226.15342,257.74227C224.46272,259.61337 223.36863,260.96051 222.86561,261.78308L222.86561,260.00187C223.77745,255.75604 225.01069,252.35494 226.56408,249.79858C227.06526,249.02157 227.75053,248.08695 228.61866,246.98916C229.57791,245.75777 230.23855,244.86686 230.60489,244.31951C229.28053,245.18641 228.11687,246.1001 227.11144,247.05874C226.15342,248.0617 225.14799,249.31834 224.09884,250.82494L223.82486,250.75598C224.92018,247.78957 226.47173,244.61627 228.48074,241.23796C229.8051,239.04547 231.10668,237.12881 232.38548,235.48491C233.70799,234.38959 235.67144,232.79124 238.2746,230.69111L238.48086,230.89613C237.93227,231.76426 237.4077,232.70012 236.90468,233.70493C236.35609,234.84581 235.92326,235.73549 235.6031,236.37458L235.6031,236.64857C235.74102,235.82785 237.58933,234.18394 241.14989,231.7187C244.21051,229.52621 246.40115,228.11135 247.72551,227.47225C246.54092,228.79354 245.55888,229.95905 244.78311,230.96324zM225.53957,221.92238C225.53957,222.0603 225.53957,222.76773 225.53957,224.0453C225.53957,224.8223 225.56235,225.25575 225.60791,225.34688C225.65347,225.48479 225.88189,225.64364 226.29256,225.82712L225.19724,225.82712C224.55754,225.82712 223.94123,225.66642 223.3477,225.34688C222.52636,224.98177 222.11569,224.4572 222.11569,223.77254C222.11569,222.72217 222.75355,222.03752 224.03235,221.71797C224.39869,221.62562 224.92326,221.53511 225.60791,221.44399C225.60791,221.58006 225.58513,221.74075 225.53957,221.92238zM271.35526,226.37385C271.35526,223.45238 271.65203,220.6676 272.24494,218.01949C272.88403,215.23471 273.86607,212.58599 275.18981,210.0758C276.74259,207.10815 278.77315,204.34553 281.28519,201.78855C276.49139,208.72866 273.1808,216.92417 271.35526,226.37385zM273.61486,259.86272C268.54708,243.47231 272.47336,227.26538 285.39495,211.23946C273.66166,233.29057 270.28272,248.42619 275.25877,256.64449L273.61486,259.86272zM274.71018,260.27339C277.95243,275.56848 284.59516,283.23819 294.63961,283.28314C286.00941,287.16509 278.17962,281.4576 271.14962,266.1619L274.71018,260.27339z\" pointer-events=\"bounding-box\" id=\"xe_8mcq\"/>\n    </g>\n   </g>\n  </g>\n </g>\n</svg>","printColors":["#ffffff"],"printColorNames":["White"],"printColorCategories":["Standard Inks"],"cmykValue":[""],"printUnit":"inch","PrintDimension":{"boundheight":"13.00","boundwidth":"12.00"},"printSize":"Full Front","designPrice":0,"webFontPrice":0,"isTransit":0,"noOfLines":[],"scalingPrice":0,"isWhiteBase":false,"customizeImage":"https://www.screenshotsinc.com//designer-tool/designer-assets/screenshotsinc_com/images/capturedImage/cart/ci_59487520b3dc09.80323873.png","totalBackgroundPrice":0,"totalBackgroundPatternPrice":0,"imagePresent":0},{"url":"https://www.screenshotsinc.com//designer-tool/designer-assets/screenshotsinc_com/images/productTemplate/16/51.png","svg":"<svg width=\"500\" height=\"500\" xmlns=\"http://www.w3.org/2000/svg\" xmlns:xhtml=\"http://www.w3.org/1999/xhtml\" xmlns:xlink=\"http://www.w3.org/1999/xlink\" class=\"mainContent\">\n <!-- Created with Product Designer Tool by Riaxe-->\n <defs>\n  <mask patternUnits=\"userSpaceOnUse\" x=\"0\" y=\"0\" width=\"500\" height=\"500\">\n   <image id=\"xe_8ugu\" xlink:href=\"#\" x=\"0\" y=\"0\" width=\"500\" height=\"500\" xmlns:xlink=\"http://www.w3.org/1999/xlink\"/>\n  </mask>\n  <image id=\"xe_h8e6\" xlink:href=\"#\" width=\"500\" height=\"500\" preserveAspectRatio=\"none\" xmlns:xlink=\"http://www.w3.org/1999/xlink\"/>\n  <clipPath id=\"boundryClipPath1\" class=\"boundryClipPath\">\n   <rect aHeight=\"12\" aWidth=\"13\" height=\"147\" width=\"160\" y=\"149.27991\" x=\"169.72622\" id=\"boundRectangle\"/>\n  </clipPath>\n  <filter id=\"filter8483\" style=\"color-interpolation-filters:sRGB;\">\n   <feColorMatrix values=\"0\" result=\"colormatrix\" id=\"feColorMatrix8485\" type=\"matrix\"/>\n  </filter>\n  <g id=\"xe_d0ab\" type=\"patternG\" xmlns:xlink=\"http://www.w3.org/1999/xlink\"/>\n </defs>\n <g id=\"layer_background\">\n  <title>background</title>\n  <rect id=\"canvas_background\" x=\"-1\" y=\"-1\" width=\"502\" height=\"502\" fill-opacity=\"0\" stroke=\"#000000\" stroke-width=\"0\" fill=\"#fff\" opacity=\"0\"/>\n  <g id=\"bleedM\">\n   <rect isBleed=\"false\" id=\"cropM\" isbleed=\"false\" class=\"bleedRect\" width=\"0\" height=\"0\" x=\"0\" y=\"0\" fill=\"none\" stroke=\"#ff0000\" stroke-width=\"0.5\" display=\"none\"/>\n   <rect id=\"safeM\" class=\"bleedRect\" width=\"0\" height=\"0\" x=\"0\" y=\"0\" fill=\"none\" stroke=\"#2B8F49\" stroke-width=\"0.5\" stroke-dasharray=\"3,3\" display=\"none\"/>\n   <path isBleed=\"false\" pointer-events=\"bounding-box\" id=\"cropMMask\" isbleed=\"false\" class=\"bleedPath\" width=\"0\" height=\"0\" awidth=\"0\" aheight=\"0\" x=\"0\" y=\"0\" ax=\"0\" ay=\"0\" fill=\"none\" stroke=\"#ff0000\" display=\"none\"/>\n   <path pointer-events=\"bounding-box\" id=\"safeMMask\" class=\"bleedPath\" width=\"0\" height=\"0\" awidth=\"0\" aheight=\"0\" x=\"0\" y=\"0\" ax=\"0\" ay=\"0\" fill=\"none\" stroke=\"#2B8F49\" stroke-width=\"2\" stroke-dasharray=\"5,5\" display=\"none\"/>\n   <rect id=\"hAlignTleft\" class=\"bleedRect\" width=\"0\" height=\"0.5\" x=\"0\" y=\"0\" fill=\"#ff0000\" display=\"none\"/>\n   <rect id=\"hAlignBleft\" class=\"bleedRect\" width=\"0\" height=\"0.5\" x=\"0\" y=\"0\" fill=\"#ff0000\" display=\"none\"/>\n   <rect id=\"vAlignBleft\" class=\"bleedRect\" width=\"0.5\" height=\"0\" x=\"0\" y=\"0\" fill=\"#ff0000\" display=\"none\"/>\n   <rect id=\"vAlignTleft\" class=\"bleedRect\" width=\"0.5\" height=\"0\" x=\"0\" y=\"0\" fill=\"#ff0000\" display=\"none\"/>\n   <rect id=\"hAlignTright\" class=\"bleedRect\" width=\"0\" height=\"0.5\" x=\"0\" y=\"0\" fill=\"#ff0000\" display=\"none\"/>\n   <rect id=\"hAlignBright\" class=\"bleedRect\" width=\"0\" height=\"0.5\" x=\"0\" y=\"0\" fill=\"#ff0000\" display=\"none\"/>\n   <rect id=\"vAlignTright\" class=\"bleedRect\" width=\"0.5\" height=\"0\" x=\"0\" y=\"0\" fill=\"#ff0000\" display=\"none\"/>\n   <rect id=\"vAlignBright\" class=\"bleedRect\" width=\"0.5\" height=\"0\" x=\"0\" y=\"0\" fill=\"#ff0000\" display=\"none\"/>\n  </g>\n </g>\n <g id=\"layer_area_0\" clip-path=\"url(#boundryClipPath1)\">\n  <title>area_0</title>\n  <g id=\"background\" type=\"bg_area_0\"/>\n  <g id=\"pbgpattern\" type=\"bgptrn_area_0\"/>\n  <g id=\"backgroundBorder\" type=\"bgBrdr_area_0\"/>\n  <g xe_p=\"&amp;#35;&amp;#103;&amp;#81;&amp;#84;&amp;#19;&amp;#58;&amp;#122;&amp;#61;&amp;#93;&amp;#111;&amp;#91;&amp;#49;&amp;#41;&amp;#32;&amp;#26;&amp;#28;&amp;#19;&amp;#116;&amp;#33;&amp;#53;&amp;#93;&amp;#18;&amp;#11;&amp;#34;&amp;#60;&amp;#32;&amp;#75;&amp;#89;&amp;#86;&amp;#110;&amp;#122;&amp;#105;&amp;#26;&amp;#83;&amp;#94;&amp;#108;&amp;#55;&amp;#55;&amp;#75;&amp;#18;&amp;#11;&amp;#91;&amp;#122;&amp;#102;&amp;#94;&amp;#83;&amp;#82;&amp;#57;&amp;#105;&amp;#115;&amp;#26;&amp;#28;&amp;#19;&amp;#35;&amp;#62;&amp;#35;&amp;#13;&amp;#83;&amp;#3;&amp;#97;&amp;#122;&amp;#24;&amp;#20;&amp;#18;&amp;#65;&amp;#114;&amp;#49;&amp;#38;&amp;#93;&amp;#18;&amp;#11;&amp;#34;&amp;#104;&amp;#107;&amp;#8;&amp;#0;&amp;#19;&amp;#44;&amp;#122;&amp;#44;&amp;#75;&amp;#99;&amp;#82;&amp;#97;&amp;#52;&amp;#36;&amp;#90;&amp;#92;&amp;#84;&amp;#34;&amp;#98;&amp;#103;&amp;#9;&amp;#18;&amp;#29;&amp;#34;&amp;#59;&amp;#42;&amp;#84;&amp;#95;&amp;#67;&amp;#69;&amp;#60;&amp;#44;&amp;#76;&amp;#18;&amp;#11;&amp;#102;&amp;#57;&amp;#41;&amp;#75;&amp;#85;&amp;#29;&amp;#34;&amp;#42;&amp;#32;&amp;#75;&amp;#89;&amp;#75;&amp;#101;&amp;#122;&amp;#127;&amp;#94;&amp;#81;&amp;#93;&amp;#115;&amp;#61;&amp;#105;&amp;#26;&amp;#64;&amp;#94;&amp;#115;&amp;#49;&amp;#49;&amp;#81;&amp;#95;&amp;#95;&amp;#34;&amp;#98;&amp;#35;&amp;#89;&amp;#92;&amp;#66;&amp;#101;&amp;#116;&amp;#103;&amp;#84;&amp;#95;&amp;#82;&amp;#107;&amp;#8;&amp;#55;&amp;#87;&amp;#64;&amp;#84;&amp;#114;&amp;#44;&amp;#44;&amp;#93;&amp;#67;&amp;#19;&amp;#58;&amp;#35;&amp;#103;&amp;#91;&amp;#95;&amp;#93;&amp;#111;&amp;#42;&amp;#0;&amp;#92;&amp;#89;&amp;#69;&amp;#34;&amp;#98;&amp;#35;&amp;#89;&amp;#92;&amp;#66;&amp;#101;&amp;#116;&amp;#103;&amp;#74;&amp;#85;&amp;#66;&amp;#105;&amp;#34;&amp;#32;&amp;#26;&amp;#10;&amp;#87;&amp;#97;&amp;#52;&amp;#54;&amp;#93;&amp;#28;&amp;#19;&amp;#109;&amp;#55;&amp;#51;&amp;#93;&amp;#18;&amp;#11;&amp;#102;&amp;#57;&amp;#41;&amp;#75;&amp;#85;&amp;#29;&amp;#34;&amp;#42;&amp;#42;&amp;#76;&amp;#81;&amp;#69;&amp;#101;&amp;#122;&amp;#127;&amp;#94;&amp;#81;&amp;#93;&amp;#115;&amp;#61;&amp;#105;&amp;#26;&amp;#84;&amp;#84;&amp;#108;&amp;#61;&amp;#49;&amp;#93;&amp;#18;&amp;#11;&amp;#102;&amp;#57;&amp;#41;&amp;#75;&amp;#85;&amp;#76;&amp;#125;\" id=\"xe_j1qe\" scaled=\"true\">\n   <g id=\"xe_7vjv\">\n    <g id=\"xe_02v9\">\n     <path fill-rule=\"evenodd\" clip-rule=\"evenodd\" fill=\"#fcc916\" d=\"M315.7444,169.16257C322.69462,179.73822 323.22621,189.3906 317.33762,198.1192C314.70515,201.49027 311.32211,203.98438 307.18901,205.60048C298.29865,207.60929 289.84729,204.49205 281.83441,196.24875C273.86835,186.3883 267.12567,182.9132 261.60639,185.8229C256.11102,182.91372 249.37979,186.38882 241.41321,196.24875C240.97421,196.73352 240.51231,197.2183 240.02754,197.70308C232.40737,204.83847 224.41738,207.47093 216.05809,205.60048C211.92499,203.98438 208.54195,201.49027 205.91001,198.1192C200.04482,189.3906 200.58733,179.73822 207.53755,169.16257C211.30134,163.52833 217.24715,159.82176 225.37549,158.04389C211.17494,167.48822 206.62625,177.63734 211.7289,188.4897C217.31685,197.03417 226.11462,196.23678 238.12276,186.09962C238.74589,185.56855 239.38099,185.04892 240.02754,184.54074C249.91034,176.59756 257.10347,174.06913 261.60587,176.95543C266.45468,173.90736 274.30579,176.95543 285.15868,186.0991C297.14288,196.23626 305.95262,197.03365 311.58738,188.48918C316.66766,177.6363 312.09557,167.4877 297.87109,158.04337C305.99943,159.82228 311.95721,163.52833 315.7444,169.16257zM242.00202,204.28451C244.74996,206.98668 245.91613,210.78479 245.50053,215.6799C245.01523,218.03565 243.9302,219.72145 242.24441,220.73678C241.66756,221.06031 241.0439,221.34899 240.37447,221.60283C240.2356,221.64964 240.12012,221.68345 240.02806,221.70686C235.08613,223.09201 226.99211,222.20256 215.74704,219.03954C220.61926,209.78039 228.47037,205.02364 239.29985,204.76929C239.39244,204.95342 239.43873,205.17396 239.43873,205.42779C239.43873,206.00464 239.03509,206.53571 238.22626,207.02101C237.87985,207.22854 237.00236,207.64466 235.5938,208.2678C233.0768,209.39964 231.81804,210.66932 231.81804,212.07788C231.81804,212.79465 232.13013,213.34808 232.75379,213.74079C233.28486,214.13299 234.01203,214.32908 234.93529,214.32908C235.90537,214.32908 236.89781,214.02948 237.91418,213.42871C239.09231,212.75875 239.68112,212.02015 239.68112,211.21184C239.72689,211.21184 239.74978,211.17751 239.74978,211.10833C239.79555,211.24617 239.8304,211.92808 239.85433,213.15147C239.87721,213.59047 239.93495,213.94833 240.02754,214.22557C240.1196,214.61776 240.24652,214.81386 240.40828,214.81386C241.10112,214.81386 241.65508,213.99411 242.07068,212.3546C242.3708,211.10781 242.52112,209.83761 242.52112,208.54452C242.52112,207.43556 242.47483,206.63922 242.38225,206.15392C242.35988,206.10867 242.23244,205.48501 242.00202,204.28451zM257.65742,206.15444L257.38071,199.29629C257.03429,194.44747 253.2242,192.56558 245.95098,193.65061C249.83024,189.56329 255.04888,187.95863 261.60639,188.83612C268.21018,187.95863 273.45223,189.56329 277.33149,193.65061C270.03486,192.56506 266.22426,194.44695 265.90125,199.29629L265.62401,206.15444L257.65742,206.15444zM245.36165,197.32233C246.95538,196.30648 248.19073,195.7983 249.06874,195.7983C249.64507,195.7983 250.25728,195.90285 250.90331,196.11039C251.54985,196.29504 252.03567,196.54939 252.35868,196.8724C251.91967,197.28852 251.49263,197.58761 251.07651,197.7733C250.56833,198.02713 249.92231,198.15405 249.13688,198.15405C247.93638,198.15353 246.67815,197.87629 245.36165,197.32233zM272.17111,197.77278C271.77839,197.58761 271.36228,197.288 270.92431,196.87188C271.24732,196.54887 271.73314,196.29452 272.37917,196.10987C273.02571,195.90233 273.62648,195.79778 274.18044,195.79778C275.08081,195.79778 276.31564,196.30596 277.88649,197.32181C276.59392,197.87577 275.34609,198.15353 274.14611,198.15353C273.36016,198.15353 272.70166,198.02661 272.17111,197.77278zM263.40818,231.82009C264.95458,232.30591 266.55975,233.14855 268.22214,234.34905C267.52931,236.12691 265.32492,237.26916 261.60639,237.77838C257.91178,237.26916 255.72976,236.12691 255.05981,234.34905C256.65302,233.14803 258.24727,232.30539 259.83996,231.82009C260.43969,231.65884 261.02902,231.50852 261.60639,231.37068C262.20716,231.50904 262.80741,231.65936 263.40818,231.82009zM267.97976,217.79274C267.17093,218.09339 266.67471,218.3467 266.49005,218.55528C265.79722,219.271 265.38214,219.82496 265.24378,220.21715C265.12779,220.44758 265.07057,220.9568 265.07057,221.74171C265.07057,222.89591 265.94806,223.4738 267.70304,223.4738C269.06582,223.4738 270.11652,223.09253 270.85617,222.33051C271.59426,221.61427 271.96409,220.63379 271.96409,219.38596C271.96409,218.41692 271.77943,217.61954 271.41013,216.99692C270.83225,216.2812 270.34799,215.55351 269.95476,214.81438L270.47438,214.81438C272.18307,215.39226 273.38409,216.43152 274.07693,217.93162C274.79265,219.36307 275.08185,220.78359 274.94245,222.19215C274.80409,223.50813 274.52738,224.50109 274.11126,225.17104C273.74195,225.81706 273.5573,226.23318 273.5573,226.41731C273.5573,226.46361 273.80021,226.9952 274.28447,228.01053C274.86183,229.04978 275.15051,230.04326 275.15051,230.98993C275.15051,231.9829 274.9539,232.73399 274.56171,233.24113C274.21529,233.75036 273.7534,234.00367 273.17655,234.00367C272.46031,234.00367 271.66344,233.70354 270.78595,233.10381C269.67804,232.24817 268.77766,231.60215 268.08483,231.16366C266.0989,229.7551 263.93977,228.86617 261.60743,228.49687C259.29901,228.86617 257.1508,229.7551 255.1654,231.16366C254.49545,231.60267 253.60599,232.24869 252.49808,233.10381C251.59718,233.70354 250.78939,234.00367 250.07367,234.00367C249.49579,234.00367 249.04586,233.75036 248.72285,233.24113C248.35302,232.73347 248.16837,231.9829 248.16837,230.98993C248.16837,230.04378 248.4222,229.0503 248.93039,228.01053C249.43857,226.99572 249.6924,226.46361 249.6924,226.41731C249.6924,226.23318 249.50775,225.81706 249.13844,225.17104C248.69996,224.50161 248.43416,223.50865 248.34262,222.19215C248.22663,220.78359 248.51531,219.36307 249.20814,217.93162C249.90098,216.43152 251.10096,215.39226 252.80965,214.81438L253.29546,214.81438C252.90275,215.55299 252.42942,216.2812 251.87546,216.99692C251.48327,217.62006 251.28665,218.41692 251.28665,219.38596C251.28665,220.63379 251.64452,221.61427 252.36024,222.33051C253.14514,223.09253 254.18388,223.4738 255.47748,223.4738C257.27824,223.4738 258.17861,222.89591 258.17861,221.74171C258.17861,220.9568 258.13284,220.4481 258.04025,220.21715C257.87849,219.82496 257.44,219.271 256.72428,218.55528C256.53963,218.3467 256.04289,218.09339 255.23458,217.79274C254.8195,217.60809 254.56463,217.34282 254.47308,216.9964C256.27331,215.7262 257.82127,214.86015 259.11436,214.39826C259.87637,214.16731 260.70757,213.9707 261.60795,213.80893C262.53121,213.9707 263.3624,214.16679 264.10257,214.39826C265.44091,214.85963 266.98835,215.72568 268.74333,216.9964C268.64919,217.34282 268.39535,217.60809 267.97976,217.79274zM281.28045,204.28451C281.00321,205.48553 280.86434,206.10919 280.86434,206.15496C280.79516,206.64026 280.76083,207.4366 280.76083,208.54556C280.76083,209.83813 280.91115,211.10885 281.21075,212.35564C281.60347,213.99463 282.15742,214.8149 282.87315,214.8149C283.1509,214.8149 283.32359,214.26094 283.39277,213.15199C283.43855,211.9286 283.48484,211.24669 283.53165,211.10885C283.53165,211.17803 283.55454,211.21236 283.60083,211.21236C283.60083,212.02067 284.17768,212.75928 285.3324,213.42923C286.34877,214.03 287.35318,214.3296 288.34614,214.3296C289.2694,214.3296 289.99709,214.13351 290.52816,213.74131C291.12841,213.3486 291.42802,212.79517 291.42802,212.0784C291.42802,210.66984 290.16978,209.40068 287.6533,208.26832C286.24422,207.64518 285.37818,207.22906 285.05569,207.02153C284.24686,206.53623 283.84322,206.00516 283.84322,205.42831C283.84322,205.17448 283.87755,204.95446 283.94673,204.76981C294.79961,205.02416 302.63928,209.78039 307.46521,219.04006C305.43351,219.59506 303.51625,220.09128 301.7155,220.52976C293.19496,222.4928 286.9251,222.85014 282.90748,221.60335C282.19175,221.34951 281.5681,221.06083 281.0365,220.7373C279.35175,219.72197 278.2662,218.03617 277.78142,215.68042C277.34294,210.78479 278.50963,206.98616 281.28045,204.28451zM280.89971,240.48003C278.6355,247.84636 279.89478,260.63939 284.67494,278.85757C262.09168,274.53982 246.597,266.11083 238.19193,253.57267C233.04247,245.90673 230.56033,236.68139 230.74498,225.89821C231.36864,231.67133 233.85078,236.79738 238.19193,241.2769C243.31851,246.61101 251.06559,251.03279 261.43318,254.54222C263.92728,255.39735 266.58264,256.2171 269.39976,257.002C269.83876,257.09459 270.27725,257.19862 270.71573,257.31357C271.1771,254.58904 271.68529,252.07256 272.24029,249.76311C273.11778,246.20686 274.12166,243.1125 275.2535,240.48003C280.95692,227.27192 290.10112,225.80562 302.68557,236.08114C304.44055,230.26173 304.32508,225.4592 302.33916,221.67253C307.69616,223.61216 309.61238,232.06404 308.08939,247.02661C298.22947,234.48845 290.20463,230.56237 284.01695,235.24942C282.63128,236.47385 281.59254,238.21635 280.89971,240.48003zM268.67259,255.06185C247.95979,249.31214 236.37922,240.12165 233.9314,227.4909C241.64416,235.31912 250.78835,240.64127 261.364,243.45839C259.60954,247.47654 262.04539,251.34487 268.67259,255.06185z\" pointer-events=\"bounding-box\" id=\"xe_05uc\"/>\n     <path fill-rule=\"evenodd\" clip-rule=\"evenodd\" fill=\"#ff5c2a\" d=\"M176.22621,261.88567C176.27199,258.21395 176.79161,253.93053 177.7851,249.03542C178.36194,246.2183 179.4012,243.45839 180.90234,240.75727C181.66488,239.41789 182.54185,238.11284 183.53481,236.84316C186.19068,233.37949 189.41144,230.3668 193.19864,227.80299C195.73904,226.0709 197.99024,225.60952 199.95275,226.41731C201.49967,227.06386 203.1397,228.66903 204.87179,231.23232C207.89645,235.66502 209.3976,242.66309 209.37471,252.22236C209.3513,257.25635 209.44389,260.68569 209.65143,262.50933C210.06755,266.13528 211.03658,269.06683 212.56113,271.3071C213.4844,272.66937 214.5351,273.41994 215.71323,273.55882C216.84507,273.65089 218.16053,273.17808 219.66167,272.13882C222.40961,270.29126 223.88735,267.30093 224.09541,263.16731C224.21036,261.25109 223.82962,257.17573 222.95213,250.94072C222.1667,245.44536 222.04031,241.20772 222.57138,238.22883C223.37917,233.70354 225.64181,230.18162 229.36035,227.66463L230.15721,227.11067C228.42512,231.33635 227.8592,235.88504 228.45945,240.75779C228.87505,244.17464 230.05266,248.35403 231.99229,253.29595C231.66876,252.78776 231.19595,252.47672 230.57229,252.36072C229.99545,252.26814 229.47582,252.39505 229.01341,252.74147C227.51226,253.73443 226.70447,255.17784 226.589,257.07066C226.54323,257.3479 226.68107,259.2532 227.00408,262.78552C227.48937,268.21327 225.34221,272.56586 220.56153,275.84383C218.87573,276.97567 216.84455,277.44797 214.4654,277.26384C212.31823,277.05578 210.53984,276.43212 209.13128,275.39287C209.40852,276.54811 210.32086,277.88697 211.86778,279.41101C214.13094,281.28198 216.11582,282.34412 217.82503,282.59743C219.60342,282.87467 221.42757,282.37845 223.2975,281.10825C225.35313,279.72362 227.34998,276.81339 229.29013,272.38017C230.44381,269.67852 231.19491,267.41588 231.54133,265.5912C231.58762,270.14041 231.32182,273.50005 230.74446,275.6701C229.7052,279.64299 227.30368,282.92096 223.53989,285.50714C220.86165,287.33182 218.04453,287.51647 215.08853,286.0611C212.77908,284.92977 210.77027,283.09417 209.06158,280.55429C207.21402,277.82924 205.39038,272.00982 203.58859,263.09657C201.74102,254.18384 200.18266,248.79147 198.91298,246.92102C197.9892,245.58164 196.75437,244.72704 195.20693,244.35825C193.52113,243.98895 191.89306,244.33536 190.32326,245.39751C189.05254,246.27447 188.02525,247.82139 187.24034,250.03826C187.03228,250.63851 186.83567,251.28506 186.65102,251.97789C186.16624,253.82494 185.53114,256.6998 184.74571,260.60246C184.16835,259.1939 183.93792,257.4046 184.05288,255.2335C184.09917,254.4486 184.34156,252.43979 184.78056,249.20707C183.97225,249.32254 183.18683,249.62267 182.42482,250.10744C180.53148,251.40001 178.59185,254.90945 176.6054,260.63731C176.46912,261.05447 176.34221,261.46955 176.22621,261.88567z\" pointer-events=\"bounding-box\" id=\"xe_k7qr\"/>\n    </g>\n   </g>\n  </g>\n </g>\n</svg>","printColors":["#fcc916","#ff5c2a"],"printColorNames":["Golden Yellow","Inferno Orange"],"printColorCategories":["Fluorescent Inks","Fluorescent Inks"],"cmykValue":["",""],"printUnit":"inch","PrintDimension":{"boundheight":"12.00","boundwidth":"13.00"},"printSize":"Full Back","designPrice":0,"webFontPrice":0,"isTransit":0,"noOfLines":[],"scalingPrice":0,"isWhiteBase":false,"customizeImage":"https://www.screenshotsinc.com//designer-tool/designer-assets/screenshotsinc_com/images/capturedImage/cart/ci_59487520b42522.20182335.png","totalBackgroundPrice":0,"totalBackgroundPatternPrice":0,"imagePresent":0}],"simpleData":{"_R!@#&":["U{{/U~}","U{{/Qprz"],"isObject":[1,1],"isMultiBoundObject":[]},"nameNumberData":{},"envInfo":{"browserIp":"69.29.89.29","browserHeight":1080,"browserWidth":1920,"browserLang":"en-US","userAgent":"Mozilla/5.0 (Macintosh; Intel Mac OS X 10_11_6) AppleWebKit/537.36 (KHTML, like Gecko) Chrome/58.0.3029.110 Safari/537.36","browserName":"Chrome"},"notes":"","multiBoundPriceArr":[],"unitPrice":"14.00"}