{"version":1.2,"sizeData":[{"is_predeco_product_template":false,"qty":12,"totalQty":0,"id":439,"refid":0,"addedprice":"8.75","simple_product":{"xe_color":"Purple","xe_size":"L","simpleProductId":"1989"}},{"is_predeco_product_template":false,"qty":0,"totalQty":0,"id":439,"refid":0,"addedprice":"8.75","simple_product":{"xe_color":"Purple","xe_size":"M","simpleProductId":"1988"}},{"is_predeco_product_template":false,"qty":12,"totalQty":0,"id":439,"refid":0,"addedprice":"8.75","simple_product":{"xe_color":"Purple","xe_size":"S","simpleProductId":"1987"}},{"is_predeco_product_template":false,"qty":0,"totalQty":0,"id":439,"refid":0,"addedprice":"8.75","simple_product":{"xe_color":"Purple","xe_size":"XL","simpleProductId":"1990"}},{"is_predeco_product_template":false,"qty":0,"totalQty":0,"id":439,"refid":0,"addedprice":"8.75","simple_product":{"xe_color":"Purple","xe_size":"2XL","simpleProductId":"1991"}},{"is_predeco_product_template":false,"qty":0,"totalQty":0,"id":439,"refid":0,"addedprice":"8.75","simple_product":{"xe_color":"Purple","xe_size":"3XL","simpleProductId":"1992"}},{"is_predeco_product_template":false,"qty":0,"totalQty":0,"id":439,"refid":0,"addedprice":"8.75","simple_product":{"xe_color":"Purple","xe_size":"4XL","simpleProductId":"1993"}},{"is_predeco_product_template":false,"qty":0,"totalQty":0,"id":439,"refid":0,"addedprice":"8.75","simple_product":{"xe_color":"Purple","xe_size":"5XL","simpleProductId":"1994"}}],"printType":"Screen Print A","multipleBoundary":"false","printTypeId":"1","productInfo":{"productId":439,"variantId":"1987"},"sides":[{"url":"https://www.screenshotsinc.com//designer-tool/designer-assets/screenshotsinc_com/images/productTemplate/16/50.png","svg":"<svg width=\"500\" height=\"500\" xmlns=\"http://www.w3.org/2000/svg\" xmlns:xhtml=\"http://www.w3.org/1999/xhtml\" xmlns:xlink=\"http://www.w3.org/1999/xlink\" class=\"mainContent\">\n <!-- Created with Product Designer Tool by Riaxe-->\n <defs>\n  <mask patternUnits=\"userSpaceOnUse\" x=\"0\" y=\"0\" width=\"500\" height=\"500\">\n   <image id=\"xe_pv96\" xlink:href=\"#\" x=\"0\" y=\"0\" width=\"500\" height=\"500\" xmlns:xlink=\"http://www.w3.org/1999/xlink\"/>\n  </mask>\n  <image id=\"xe_wtca\" xlink:href=\"#\" width=\"500\" height=\"500\" preserveAspectRatio=\"none\" xmlns:xlink=\"http://www.w3.org/1999/xlink\"/>\n  <clipPath id=\"boundryClipPath0\" class=\"boundryClipPath\">\n   <rect aHeight=\"13\" aWidth=\"12\" height=\"173\" width=\"160\" y=\"162.27991\" x=\"169.72622\" id=\"boundRectangle\"/>\n  </clipPath>\n  <filter id=\"filter8483\" style=\"color-interpolation-filters:sRGB;\">\n   <feColorMatrix values=\"0\" result=\"colormatrix\" id=\"feColorMatrix8485\" type=\"matrix\"/>\n  </filter>\n  <g id=\"xe_ia1c\" type=\"patternG\" xmlns:xlink=\"http://www.w3.org/1999/xlink\"/>\n </defs>\n <g id=\"layer_background\">\n  <title>background</title>\n  <rect id=\"canvas_background\" x=\"-1\" y=\"-1\" width=\"502\" height=\"502\" fill-opacity=\"0\" stroke=\"#000000\" stroke-width=\"0\" fill=\"#fff\" opacity=\"0\"/>\n  <g id=\"bleedM\">\n   <rect isBleed=\"false\" id=\"cropM\" isbleed=\"false\" class=\"bleedRect\" width=\"0\" height=\"0\" x=\"0\" y=\"0\" fill=\"none\" stroke=\"#ff0000\" stroke-width=\"0.5\" display=\"none\"/>\n   <rect id=\"safeM\" class=\"bleedRect\" width=\"0\" height=\"0\" x=\"0\" y=\"0\" fill=\"none\" stroke=\"#2B8F49\" stroke-width=\"0.5\" stroke-dasharray=\"3,3\" display=\"none\"/>\n   <path isBleed=\"false\" pointer-events=\"bounding-box\" id=\"cropMMask\" isbleed=\"false\" class=\"bleedPath\" width=\"0\" height=\"0\" awidth=\"0\" aheight=\"0\" x=\"0\" y=\"0\" ax=\"0\" ay=\"0\" fill=\"none\" stroke=\"#ff0000\" display=\"none\"/>\n   <path pointer-events=\"bounding-box\" id=\"safeMMask\" class=\"bleedPath\" width=\"0\" height=\"0\" awidth=\"0\" aheight=\"0\" x=\"0\" y=\"0\" ax=\"0\" ay=\"0\" fill=\"none\" stroke=\"#2B8F49\" stroke-width=\"2\" stroke-dasharray=\"5,5\" display=\"none\"/>\n   <rect id=\"hAlignTleft\" class=\"bleedRect\" width=\"0\" height=\"0.5\" x=\"0\" y=\"0\" fill=\"#ff0000\" display=\"none\"/>\n   <rect id=\"hAlignBleft\" class=\"bleedRect\" width=\"0\" height=\"0.5\" x=\"0\" y=\"0\" fill=\"#ff0000\" display=\"none\"/>\n   <rect id=\"vAlignBleft\" class=\"bleedRect\" width=\"0.5\" height=\"0\" x=\"0\" y=\"0\" fill=\"#ff0000\" display=\"none\"/>\n   <rect id=\"vAlignTleft\" class=\"bleedRect\" width=\"0.5\" height=\"0\" x=\"0\" y=\"0\" fill=\"#ff0000\" display=\"none\"/>\n   <rect id=\"hAlignTright\" class=\"bleedRect\" width=\"0\" height=\"0.5\" x=\"0\" y=\"0\" fill=\"#ff0000\" display=\"none\"/>\n   <rect id=\"hAlignBright\" class=\"bleedRect\" width=\"0\" height=\"0.5\" x=\"0\" y=\"0\" fill=\"#ff0000\" display=\"none\"/>\n   <rect id=\"vAlignTright\" class=\"bleedRect\" width=\"0.5\" height=\"0\" x=\"0\" y=\"0\" fill=\"#ff0000\" display=\"none\"/>\n   <rect id=\"vAlignBright\" class=\"bleedRect\" width=\"0.5\" height=\"0\" x=\"0\" y=\"0\" fill=\"#ff0000\" display=\"none\"/>\n  </g>\n </g>\n <g clip-path=\"url(#boundryClipPath0)\" id=\"layer_area_0\">\n  <title>area_0</title>\n  <g type=\"bg_area_0\" id=\"background\"/>\n  <g type=\"bgptrn_area_0\" id=\"pbgpattern\"/>\n  <g type=\"bgBrdr_area_0\" id=\"backgroundBorder\"/>\n  <g xe_p=\"&amp;#35;&amp;#103;&amp;#81;&amp;#84;&amp;#19;&amp;#58;&amp;#122;&amp;#61;&amp;#93;&amp;#111;&amp;#75;&amp;#111;&amp;#104;&amp;#112;&amp;#26;&amp;#28;&amp;#19;&amp;#116;&amp;#33;&amp;#53;&amp;#93;&amp;#18;&amp;#11;&amp;#34;&amp;#60;&amp;#32;&amp;#75;&amp;#89;&amp;#86;&amp;#110;&amp;#122;&amp;#105;&amp;#26;&amp;#83;&amp;#94;&amp;#108;&amp;#55;&amp;#55;&amp;#75;&amp;#18;&amp;#11;&amp;#91;&amp;#122;&amp;#102;&amp;#8;&amp;#1;&amp;#1;&amp;#49;&amp;#104;&amp;#116;&amp;#26;&amp;#28;&amp;#19;&amp;#35;&amp;#30;&amp;#3;&amp;#126;&amp;#118;&amp;#119;&amp;#70;&amp;#122;&amp;#105;&amp;#26;&amp;#19;&amp;#1;&amp;#69;&amp;#96;&amp;#1;&amp;#12;&amp;#4;&amp;#19;&amp;#44;&amp;#122;&amp;#102;&amp;#8;&amp;#117;&amp;#9;&amp;#68;&amp;#108;&amp;#113;&amp;#26;&amp;#109;&amp;#29;&amp;#34;&amp;#40;&amp;#55;&amp;#81;&amp;#83;&amp;#84;&amp;#34;&amp;#98;&amp;#103;&amp;#8;&amp;#30;&amp;#1;&amp;#48;&amp;#122;&amp;#105;&amp;#26;&amp;#89;&amp;#66;&amp;#83;&amp;#59;&amp;#36;&amp;#84;&amp;#81;&amp;#83;&amp;#108;&amp;#61;&amp;#103;&amp;#2;&amp;#18;&amp;#0;&amp;#34;&amp;#116;&amp;#103;&amp;#91;&amp;#95;&amp;#93;&amp;#111;&amp;#42;&amp;#0;&amp;#92;&amp;#89;&amp;#69;&amp;#34;&amp;#98;&amp;#35;&amp;#89;&amp;#92;&amp;#66;&amp;#101;&amp;#116;&amp;#103;&amp;#74;&amp;#85;&amp;#66;&amp;#105;&amp;#34;&amp;#32;&amp;#26;&amp;#10;&amp;#87;&amp;#97;&amp;#52;&amp;#54;&amp;#93;&amp;#28;&amp;#19;&amp;#112;&amp;#55;&amp;#54;&amp;#81;&amp;#68;&amp;#88;&amp;#111;&amp;#54;&amp;#103;&amp;#2;&amp;#86;&amp;#80;&amp;#108;&amp;#43;&amp;#32;&amp;#20;&amp;#18;&amp;#93;&amp;#111;&amp;#59;&amp;#46;&amp;#104;&amp;#66;&amp;#94;&amp;#112;&amp;#61;&amp;#55;&amp;#76;&amp;#89;&amp;#84;&amp;#115;&amp;#122;&amp;#127;&amp;#67;&amp;#18;&amp;#82;&amp;#111;&amp;#52;&amp;#42;&amp;#74;&amp;#117;&amp;#85;&amp;#105;&amp;#44;&amp;#103;&amp;#2;&amp;#86;&amp;#80;&amp;#108;&amp;#43;&amp;#32;&amp;#20;&amp;#18;&amp;#67;&amp;#101;&amp;#43;&amp;#44;&amp;#66;&amp;#85;&amp;#19;&amp;#58;&amp;#62;&amp;#36;&amp;#84;&amp;#67;&amp;#84;&amp;#44;&amp;#122;&amp;#40;&amp;#87;&amp;#70;&amp;#84;&amp;#34;&amp;#98;&amp;#35;&amp;#89;&amp;#92;&amp;#66;&amp;#101;&amp;#116;&amp;#103;&amp;#74;&amp;#95;&amp;#69;&amp;#97;&amp;#44;&amp;#32;&amp;#26;&amp;#10;&amp;#87;&amp;#97;&amp;#52;&amp;#54;&amp;#93;&amp;#28;&amp;#19;&amp;#100;&amp;#61;&amp;#41;&amp;#93;&amp;#68;&amp;#84;&amp;#34;&amp;#98;&amp;#35;&amp;#89;&amp;#92;&amp;#66;&amp;#101;&amp;#37;&amp;#56;\" scaled=\"true\" id=\"xe_zo05\">\n   <g id=\"xe_kayc\">\n    <g id=\"xe_tky8\">\n     <path id=\"xe_0tx3\" pointer-events=\"bounding-box\" d=\"M310.878182282605,247.51609649167648 L316.39738551322444,242.6277549658834 L300.29828008429035,259.2004250167429 L290.09614189092144,269.1816779447614 L310.878182282605,247.51609649167648 zM320.9071263474606,231.84244620452517 C320.43356172553524,232.50468365727062 320.4917114450119,233.81367986045473 321.0803204759739,235.76901647077196 C321.1748660630367,235.94764906225794 321.2694116500995,236.11582307110422 321.364375580468,236.2735384973108 C320.2394504317425,234.73905525241486 319.6090070702217,233.7873242322027 319.4726271526001,233.41960046659102 L277.79726704994664,279.5574286099493 C278.95398628989676,280.19749386749857 279.73168649498444,280.9392165483057 280.1307860085152,281.7800865925371 L303.79897686544876,260.8880219114839 L325.98414070407375,240.10514483318917 C326.62504264823417,237.33027368722549 325.66870985166054,235.06494468746774 323.1147239710472,233.3091578339159 C325.563705681958,234.23369653926483 326.8254290916107,236.46806813440912 326.89905751339415,240.01059924612633 C327.19357120052797,239.9369708243429 327.44039375082474,239.77423527846923 327.63994350759015,239.52155592189422 C327.429935168185,237.79798150287263 326.9358717242859,236.18945149288766 326.157334832587,234.69638423524492 C327.06221140257344,235.7058466316282 327.66671747914774,236.91946056113832 327.97127140561565,238.33889939699762 C328.1808614017151,236.9307558303892 327.71315358606796,235.42722999010675 326.5681479586742,233.82957690606708 C324.748772922673,231.92653320894829 322.8624629577778,231.26471409950847 320.9071263474606,231.84244620452517 zM322.53155340305784,235.43810691605205 C323.93969696966633,235.38539565954795 324.80692264214974,236.26810003433815 325.1332304205082,238.08705672703377 C324.6805829638622,236.6571593085348 323.8133572913788,235.7744549337446 322.53155340305784,235.43810691605205 zM251.03877419463618,187.47128184066406 C251.17515411225776,187.32402499709718 251.34374646440966,187.25039657531374 251.54287787786944,187.25039657531374 C251.75288621727447,187.25039657531374 251.93193715206604,187.32444334040275 252.07877565232735,187.47128184066406 L300.3133404432915,234.33451727591148 C300.4614339734695,234.47089719353312 300.5342257086418,234.64409132204645 300.5342257086418,234.8540996614515 C300.5342257086418,235.06494468746774 300.466035749831,235.24315893564813 300.3292374889038,235.390415779215 L251.7319690519951,284.8553282319128 C251.626546538987,284.9507105055868 251.51150212995034,285.01806377778644 251.38516245166284,285.0603164516508 C251.24836419073563,285.0916921995699 251.1170043927811,285.0916921995699 250.99066471449356,285.0603164516508 C250.85386645356635,285.01764543448087 250.74426050750236,284.9502921622812 250.65975515977362,284.8553282319128 L202.5829057950161,235.84766501222245 C202.43523060814363,235.70040816865554 202.3616021863602,235.5272140401422 202.3616021863602,235.32724594007126 C202.3616021863602,235.10677901802651 202.44066907111628,234.92772808323497 202.59796615401726,234.79092982230776 L251.03877419463618,187.47128184066406 zM304.2240136639259,247.68970896349543 L319.73994852487067,230.81792344914072 C322.9042972883366,229.45119586978547 325.6578329257153,230.5179712990343 328.0026471535347,234.01866808019273 C329.3802516588353,236.02629760370843 329.7262215725563,238.22845676432246 329.04306695453147,240.6251455620348 C327.3931209572934,242.4332253287851 325.6900453602455,244.18357371936435 323.93342182008246,245.87619073377243 C322.50477943150025,247.22116446123712 321.03262933913686,248.53057900772683 319.5186449162147,249.80234265671365 C314.9457342428349,253.8916484688341 310.35274309078676,257.99141286359423 305.7375797435425,262.10163584099405 C302.8254919933461,264.6552033783018 299.89792554084283,267.2154644084989 296.95488038603287,269.7803272150575 C296.47127552477343,270.18988531122795 295.97721208087427,270.6211972592889 295.473108397641,271.0730080293237 C294.8422466928147,271.5988655644476 294.2113849879883,272.14062014518373 293.58052328316194,272.69701674161547 C290.3115886932991,275.5354760700285 287.0690097316883,278.33712118754977 283.85194971171836,281.10237043748486 C281.59164083162767,283.15141594825377 279.37902308837397,285.2067366086065 277.21367813865163,287.26707738862626 C270.4122526764057,293.70036074195497 263.92667640987855,300.0604340168058 257.75611265245897,306.34604218326206 C257.8506582395218,306.58826295719734 257.9188481983326,306.85056420980084 257.96068252889137,307.134619314295 C258.12885653773765,308.2490858803808 257.8979310330532,309.0794973419725 257.26706932822685,309.6262720423757 C256.63620762340054,310.1939639080583 255.78487899652941,310.30942666040056 254.71224676100235,309.9734969860136 C253.60865712086184,309.6053548770964 252.5996130677841,308.88496770487416 251.68511460176927,307.81317215595834 C250.78149306169968,306.77233401165597 250.25019706360322,305.67334614787694 250.09248163739665,304.5170452512323 C249.90297211996537,303.4029970284521 250.11883726564866,302.56756544719326 250.7392403878353,302.0103321641504 C251.41193642322045,301.4844746290266 252.2795804390095,301.39034738526937 253.34091740528567,301.72627705965635 C253.49821448818665,301.83128122935886 253.64588967505915,301.8998895314752 253.78268793598633,301.9312652793943 C261.5404461948059,294.40443252525915 269.21453579250795,286.59981981621377 276.8045383857868,278.5149170924245 C278.9481294836186,276.22365080772033 281.0557430571697,273.9269460600435 283.1269607631348,271.62480284939403 C286.3854367703579,268.08227173767676 289.64935124055364,264.4343181129515 292.91870417372206,260.68219700513475 C294.04321097914203,259.42005525217644 295.1735745908402,258.16377030549637 296.3089583222054,256.9129238217889 C298.7269826285027,254.08492307601563 301.1441702481888,251.2677992561876 303.5626128977917,248.46113401899925 C303.8035786418102,248.2205866182863 304.024045563855,247.96288714204422 304.2240136639259,247.68970896349543 zM247.41173773519023,303.65023792205443 C247.15947672192078,303.6184438308298 246.8545044521473,303.6606965046941 246.49723926917534,303.77699594364753 C246.0445918125294,303.91379420457474 245.61411655107958,304.1447197092592 245.20455845490915,304.4706091443121 L227.11832232443314,285.4230200975954 C226.22474102369767,285.6539456022798 225.56250357095223,286.2793688441335 225.13202830950243,287.29887147985096 L243.02833657924157,305.4951318996965 C243.533276949086,305.47421473441716 244.00098476473312,305.3006022625982 244.43146002618295,304.9751311708509 C244.10557059113006,305.31147918854344 243.7692225734375,305.64740886293043 243.42241597310525,305.9841752239286 C243.20111236444933,306.23643623719806 243.02289811626895,306.4945540567457 242.88609985534174,306.75685530934925 C242.57025065962296,307.34588268361676 242.53385479203683,307.792254990679 242.77523887936098,308.0972272604524 C242.95428981415256,308.2645645826875 243.28519936887247,308.3335912281095 243.76880423013193,308.30179713688483 C244.1051522478245,307.5776448749124 244.5833186461113,307.0354719508707 245.20372176829795,306.67778842459313 C244.7305754896782,307.1927690337717 244.4573973111294,307.6608951927244 244.38376888934596,308.0809118715345 C244.94142051569446,307.8495680235445 245.5137141577385,307.4764057949602 246.1023231887005,306.9618435290872 C246.83860740653495,306.4046102460443 247.3640465983532,305.8151645284712 247.67905910746077,305.1955980928957 C247.86856862489205,304.77432638416883 247.9526556293152,304.45429375539413 247.93132012073022,304.2334084900438 C246.6595564717434,304.46517068133943 245.4455241989277,305.20061821256274 244.28880495897752,306.44100611363046 C244.93054358974916,305.2851235602915 245.9718000773571,304.35472804866424 247.41173773519023,303.65023792205443 zM274.6433768691204,287.11019864903085 C274.4116146778248,286.22707593093503 273.7916298989437,285.5752970608293 272.78258584586604,285.154443695408 L254.66497396747093,303.13023719320887 C254.6863094760559,303.6452178023874 254.86996218720896,304.1179457377016 255.2171871308468,304.54925768576254 C254.86996218720896,304.21290966807 254.52315558687667,303.876979993683 254.17593064323884,303.54063197599044 C253.9345465559147,303.3197467106401 253.67684707967265,303.14069577584854 253.40325055781824,303.00473420153253 C252.82468176619034,302.69976193175904 252.3787278024338,302.66754949722883 252.062878606715,302.9089335845529 C251.89512294117432,303.08840286265007 251.82693298236353,303.41931241737 251.85789038697703,303.9029172786295 C252.59417460481149,304.22880671368233 253.14638776818734,304.7019529923021 253.5136931904934,305.32277445779437 C252.98825399867516,304.84920983586903 252.515526063361,304.5814701202928 252.0942543546341,304.5178819378435 C252.33647512856942,305.07553356419197 252.70963735715372,305.6423887432634 253.21415938369256,306.2209575348913 C253.79230983201484,306.9463648267805 254.38091886297684,307.4663655556261 254.9808231631897,307.7817964080392 C255.4112984246395,307.9821828514158 255.737606202998,308.0704532888948 255.95765478173715,308.0503728102266 C255.7166890377186,306.76815057860006 254.9808231631897,305.5482614995061 253.7504755014561,304.39196060286156 C254.90677639810067,305.05377971230143 255.83717190972789,306.09419951329824 256.5416620363377,307.51447503576867 C256.57261944095114,307.2722542618334 256.52576499072535,306.96728199205984 256.39984365574344,306.59955822644827 C256.27308563415033,306.15736935244195 256.04759859243853,305.73233255396474 255.72170915738565,305.3223561144888 L274.6433768691204,287.11019864903085 zM250.50245807687264,216.1223598104536 C255.57947243348582,216.1223598104536 259.915600795903,217.9245827709257 263.5108431641243,221.53028372178667 C267.0952086064003,225.11506750736825 268.8878096708439,229.44115563045136 268.8878096708439,234.5077114044248 C268.8878096708439,239.584725761038 267.0956269497059,243.9212724667608 263.5108431641243,247.51651483498208 C259.915600795903,251.10129862056368 255.57947243348582,252.89389968500726 250.50245807687264,252.89389968500726 C245.43548395959357,252.89389968500726 241.1089774932049,251.10129862056368 237.52503039423448,247.51651483498208 C233.9193294433735,243.9212724667608 232.11626979629023,239.58514410434356 232.11626979629023,234.5077114044248 C232.11626979629023,229.44115563045136 233.9193294433735,225.11548585067385 237.52503039423448,221.53028372178667 C241.1093958365105,217.9245827709257 245.43548395959357,216.1223598104536 250.50245807687264,216.1223598104536 zM250.92791321865542,217.3359737399637 C250.7810747183941,217.325515157324 250.63883799449425,217.32049503765694 250.50245807687264,217.32049503765694 C245.7504964687012,217.32049503765694 241.7034433304451,218.99679666314714 238.36046197549325,222.3502366007387 C234.9969817985676,225.70367653833023 233.31482336679917,229.75616813955895 233.31482336679917,234.50729306111924 C233.31482336679917,235.76901647077196 233.4365612687252,236.98304874358766 233.67794535604935,238.14980822287194 C233.73023826924782,238.44474025331132 233.79842822805864,238.73339713416686 233.88251523248178,239.01703389535538 C234.61879945031626,241.8864506283819 236.1110300213478,244.44671165857903 238.36046197549325,246.6957252694189 C241.20979822985154,249.54506152377718 244.5632381674431,251.17911047540298 248.4207817882679,251.59996384082427 C248.92572215811236,251.65225675402274 249.44070276729087,251.68948930822006 249.9661419591091,251.71040647349946 C250.1443562072895,251.71040647349946 250.32340714208107,251.71040647349946 250.50245807687264,251.71040647349946 C255.26362323776704,251.71040647349946 259.32699176494106,250.0395433109819 262.69089028517226,246.69614361272448 C266.033034953513,243.3326634357988 267.7051531459473,239.2697132519304 267.7051531459473,234.5077114044248 C267.7051531459473,233.56183719049088 267.6419833068035,232.6419002615034 267.5160619718216,231.7483189607679 C267.4733909546517,231.48559936485879 267.42611816112026,231.22789988861672 267.37424359122735,230.9756388753473 C266.7325049604557,227.71674452481858 265.17166608730776,224.84188932881943 262.69089028517226,222.35065494404427 C259.6315456914089,219.30218727622622 255.98944887296182,217.64136435304277 251.76292645660857,217.36776783118836 C251.47970803872568,217.3460139792978 251.2010913972042,217.3359737399637 250.92791321865542,217.3359737399637 zM249.54026847402076,302.95662472138997 C250.0866248311184,303.5661509176313 250.1916290008209,304.4170612011968 249.85528098312835,305.51102894530885 C249.47709863487702,306.6041600028097 248.7625682689331,307.6027454732477 247.71127154199104,308.50678535662286 C246.6390576497696,309.40120334396954 245.5245910836838,309.9266425357878 244.3678718437336,310.08393961868876 C243.25382362095337,310.2516952842294 242.42383050266724,310.0312283621847 241.87663745895844,309.4217021659433 C241.36165684977988,308.74942447386377 241.27213138238412,307.88638223443616 241.60889774338227,306.8359221941053 C241.7134835697792,306.66732984195346 241.7820918718956,306.5100327590525 241.8138859631203,306.36277591548554 C234.3293058828495,298.58326380477536 226.56610916105728,290.86817656312576 218.52387745443804,283.21500413070316 C216.25394667831878,281.0605361069261 213.9723022896431,278.9474840704023 211.6810360049389,276.87626636443724 C208.15900371519547,273.58641460929505 204.5328039423607,270.29572616754166 200.8007633132122,267.00545606909384 C199.5390399035595,265.86965399442306 198.2936318828247,264.7346886063635 197.0637025643967,263.59930487499827 C194.23570181862337,261.16078174672714 191.41815965548975,258.7272787381231 188.611912761607,256.2983775058805 C188.38056891361697,256.0569934185564 188.12830790034752,255.83066969023338 187.85429303518754,255.62107969413393 L171.092950153508,240.01059924612633 C169.72622257415276,236.85712740860572 170.80429327265244,234.1186521302282 174.32548887578469,231.79517341099375 C176.3439953252457,230.4184055923044 178.55159294883234,230.0770374549448 180.94828174654467,230.7702323123037 C182.73502600471002,232.45239074407215 184.4698956929825,234.16592492375963 186.15163578144532,235.91125319467181 C187.48656926957588,237.3407322698652 188.78468854681472,238.82292260156265 190.04641195646747,240.3574058464586 C194.1248408426426,244.95165202842347 198.20326972881776,249.5718354953348 202.2821169582985,254.21837459049812 C204.8264809428833,257.130043997389 207.3649881211899,260.0676506892263 209.8984751798294,263.0328680392324 C210.30803327599983,263.5260947965204 210.73976356736642,264.0255967033922 211.19115599409562,264.53053707323664 C211.72705376855356,265.1505218521177 212.2688083492897,265.7759450939714 212.81516470638735,266.4059701121866 C215.62182994357568,269.70711713657965 218.39711943284493,272.966429830414 221.14061483088952,276.18307150707835 C223.190078684964,278.4530022831976 225.234940762677,280.681098728758 227.27436437741738,282.8677791870653 C233.66539505688172,289.7114573231756 239.98907246414643,296.22882768092745 246.24330488268356,302.4203086036264 C246.49598423925858,302.32576301656354 246.75828549186213,302.26259317741983 247.0318820137165,302.23121742950076 C248.15806219235878,302.0739203465997 248.99349377361756,302.31614112053506 249.54026847402076,302.95662472138997 zM178.64697522250634,231.84244620452517 C177.23841331259231,231.6115206998407 175.73028569594842,232.06835158954254 174.12175568596345,233.21419390354745 C172.2086717495106,235.02269201360338 171.53597571412544,236.9094203218042 172.10324923650248,238.87521551476112 C172.75502810660822,239.33790321074122 174.06904442945938,239.2902120739042 176.045298205056,238.73339713416686 C176.22434913984756,238.62839296446435 176.39252314869387,238.52338879476184 176.55023857490045,238.4179662817537 C175.01491864339334,239.55335001311892 174.05314738384706,240.1791915982782 173.66408810965044,240.29423600731485 L219.58103098765832,282.2381725121557 C220.22193293181877,281.0919118548452 220.96825738898735,280.3192317694246 221.82000435916405,279.92013225589386 L201.0538610130928,256.1414987662851 L180.38142656747323,233.8450556083738 C177.61659566084367,233.17235957298868 175.3516850043915,234.10777520428292 173.58502122489435,236.65172084556212 C174.52043685618858,234.22365629993072 176.76526703397255,232.97741159258476 180.31825672832946,232.91466009674662 C180.24462830654602,232.6310233355581 180.0818927606724,232.38378244195573 179.83005009070854,232.17377410255068 C178.10563898507576,232.3737422026216 176.4866503924511,232.86236718354814 174.97266596952898,233.6400673886358 C176.0139224571369,232.72556892262094 177.23841331259231,232.12691965232483 178.64697522250634,231.84244620452517 zM175.7139703070305,237.25120680246943 C175.66167739383204,235.8426448925554 176.55023857490045,234.980439339739 178.37881716362457,234.66542683063142 C176.93887950579148,235.11723760066621 176.05031832472307,235.979024810177 175.7139703070305,237.25120680246943 zM199.35036707273943,259.6421955474435 L209.26845016161423,269.8911881910383 L187.69699595228653,248.9828081210672 L182.85676390663605,243.43222914252868 L199.35036707273943,259.6421955474435 zM251.18059257523043,283.2467982219278 L298.7211258222244,234.86999670706382 L251.54287787786944,189.04801775942437 L204.19185414830667,235.34314298568358 L251.18059257523043,283.2467982219278 z\" fill=\"#010101\" clip-rule=\"evenodd\" fill-rule=\"evenodd\"/>\n     <path id=\"xe_h2mt\" pointer-events=\"bounding-box\" d=\"M322.53155340305784,235.43810691605205 C323.8133572913788,235.7744549337446 324.68100130716783,236.6571593085348 325.1332304205082,238.08705672703377 C324.80692264214974,236.26810003433815 323.93969696966633,235.38539565954795 322.53155340305784,235.43810691605205 zM320.9071263474606,231.84244620452517 C322.8624629577778,231.26471409950847 324.74919126597865,231.92653320894829 326.56772961536865,233.82957690606708 C327.7127352427624,235.42722999010675 328.18044305840954,236.9307558303892 327.97085306231,238.33889939699762 C327.6662991358421,236.91987890444392 327.0617930592678,235.7058466316282 326.15691648928146,234.69638423524492 C326.93545338098033,236.1890331495821 327.42951682487944,237.79798150287263 327.6395251642845,239.52155592189422 C327.43955706421355,239.77423527846923 327.19315285722234,239.9369708243429 326.8986391700886,240.01059924612633 C326.82501074830515,236.46806813440912 325.563705681958,234.23369653926483 323.1143056277416,233.3091578339159 C325.66829150835497,235.06494468746774 326.62504264823417,237.33027368722549 325.9837223607681,240.10514483318917 L303.79855852214314,260.8880219114839 L280.1303676652096,281.7800865925371 C279.7312681516789,280.9387982050001 278.9535679465912,280.19749386749857 277.796848706641,279.5574286099493 L319.47220880929456,233.41960046659102 C319.60858872691614,233.7873242322027 320.23903208843694,234.73905525241486 321.36395723716237,236.2735384973108 C321.26899330679396,236.11582307110422 321.1744477197311,235.94764906225794 321.0799021326683,235.76901647077196 C320.4917114450119,233.81367986045473 320.43356172553524,232.50468365727062 320.9071263474606,231.84244620452517 zM310.878182282605,247.51609649167648 L290.09614189092144,269.18209628806704 L300.29828008429035,259.20084336004845 L316.39738551322444,242.628173309189 L310.878182282605,247.51609649167648 zM249.39886843673213,223.84832397804848 L249.03574644748193,224.76282244406335 L248.05765979901773,223.64333575831049 L247.72675024429782,223.91149381719225 L248.60987296239358,225.5513995750963 L248.2157935685299,226.29228556929223 L247.30087675920944,225.17238054023377 L247.00176129571418,225.4250598968088 L247.75854433552246,227.00221415887466 L247.3644649416588,227.63265752039544 L246.59178485623818,226.4813767434179 L246.24455991260032,226.76585019121757 L246.92269441095812,228.34258610997787 L246.37131793419343,229.06799340186708 L245.66180768791656,227.79079128990762 L245.2986856986664,228.04305230317703 L245.8350018164299,229.7620249458372 L245.2986856986664,230.34519551382652 L244.71509678737146,229.02072060833567 L244.3369144391201,229.27298162160508 L244.73099383298378,230.99153592095962 L244.17878066960793,231.59102187786692 L243.59519175831298,230.15652268300647 L243.21659106675605,230.3297168115198 L243.53244026247484,232.22188358269327 L242.96433005348666,232.77367840276355 L242.44391098133548,231.24379693422907 L242.09668603769762,231.40151236043565 L242.27071685282212,233.3254732228338 L241.67123089591485,233.845892294985 L241.2453574108265,232.31642916975608 L240.9303449017189,232.42687180243126 L240.97761769525033,234.36672971044175 L240.28358615128022,234.93400323281878 L239.9054038030289,233.26314007030123 L239.60545165292245,233.35768565736407 L239.49542736355286,235.39167080913177 L238.8172928651951,235.88071413336388 L238.61230464545707,234.17763853631607 C238.60226440612297,234.14584444509143 238.53867622367363,234.1567213710367 238.42279512802583,234.20901428423517 L238.21780690828783,234.2721841233789 L238.04461277977447,236.322066320759 L237.38237532702902,236.65297587547892 L237.3351025334976,236.49526044927234 L237.30289009896737,235.0762399567186 L236.87743495718462,235.13940979586238 L236.60969524160845,237.03157656703584 L235.8683909041069,237.41017725859277 L235.8683909041069,235.70710166154498 L235.44251741901854,235.75479279838197 L235.07981377307397,237.7415051566183 L234.4489520682476,238.00966321550004 L234.46568580047114,236.44882434235208 L234.0393939720772,236.4647213879644 L233.67710866943818,238.1514815960943 C233.43530623880844,236.98472211681002 233.313986680188,235.77068984399432 233.313986680188,234.5089664343416 C233.313986680188,229.7578415127813 234.99614511195642,225.7053499115526 238.35962528888206,222.35190997396103 C241.70302498713951,218.9984700363695 245.7500781253956,217.3221684108793 250.50162139026148,217.3221684108793 C250.6380013078831,217.3221684108793 250.78023803178291,217.32718853054635 250.92707653204423,217.33764711318605 L250.84800964728814,218.26804262481323 L249.58712292424661,217.47988383708588 L249.4607832459591,217.8894419332563 L250.76936110583762,219.11937125168436 L250.5961669773243,219.90794838271728 L249.3821347045086,219.0562014125406 L249.11355830232125,219.3875293105661 L250.4221361621998,220.82244684873217 L250.20166924015504,221.50099969039553 L249.12945534793357,220.66514976583116 L248.90898842588882,221.02785341177577 L249.9970993637226,222.3054738670408 L249.6657714656971,223.1091113570749 L248.6563090693138,222.19461289106005 L248.356775262513,222.5100437434732 L249.39886843673213,223.84832397804848 zM253.13551084224207,217.6986773859083 L251.70101164738162,218.31364204512232 L251.76292645660857,217.3673494878828 C255.98986721626738,217.64094600973718 259.63196403471454,219.30176893292062 262.69089028517226,222.3502366007387 C265.1720844306133,224.84147098551387 266.7325049604557,227.71674452481858 267.37424359122735,230.9752205320417 L266.4120539883755,231.18020875177973 L266.852987832465,229.65074562655084 C266.73752508012274,229.61936987863174 266.59570669952853,229.61393141565912 266.42753269068226,229.6348485809385 L265.60716146842464,231.40067567382448 L264.8662754742287,231.63703964148158 L265.07126369396667,230.18664340100878 L264.69266300240974,230.17074635539643 L264.014528504052,231.96836753950708 L263.2104726707123,232.31517413983934 L263.4154608904503,230.72295951877229 L262.97369035974964,230.72295951877229 L262.3114529070042,232.77242337284676 L261.6178397063396,233.10333292756667 L261.74417938462716,231.58976684795016 L261.3187242428444,231.55797275672546 L260.76609273616293,233.6396490453302 L260.08837658111077,234.08100123272533 L260.0097280396603,232.61512628994575 L259.5842728978775,232.67787778578395 L259.3315935413025,234.58594160256973 L258.65345904294475,235.12225772033327 L258.48026491443136,233.6396490453302 L258.0225973381184,233.7500916780054 L257.84940320960504,235.72132533393494 L257.29719004622916,236.1944716125547 L257.04534737626534,234.66500848732585 L256.619473891177,234.79092982230776 L256.5713644110344,236.88850315652482 L256.0513636821888,237.42481927428832 L255.70455708185654,235.9899017361223 L255.24730784884912,236.09992602549187 L255.34227177921753,237.67708028755777 L255.38954457274895,237.9293413008272 L255.38954457274895,238.16612361178989 L254.90050124851683,238.68654268394104 L254.42735496989707,237.3306920305311 L254.00148148480872,237.45661336551302 L254.23784545246582,239.475119814974 L253.79607492176515,240.02649629173868 C253.5442322518013,239.45922276936165 253.349702614703,239.03836940394035 253.2124860104702,238.76519122539156 L252.85020070783122,239.00155519304866 L253.27607419291957,240.79917637715928 L252.83388531891327,241.44509844098678 L252.17206620947343,240.19927207694644 L251.82525960914117,240.3883632510721 L252.3293632923744,242.2014631374895 L251.93570224181633,242.8323248423158 L251.25756774345857,241.71283815656295 L250.87938539520724,241.91782637630098 L251.46297430650216,243.68365346918694 L251.05299786702614,244.4718122569143 L250.3121118728302,243.3837013190805 L249.98036563149913,243.6681747668802 L250.6743971754692,245.275868090254 L250.3121118728302,246.08076061020486 L249.5394317874096,245.00812837467782 L249.22358259169084,245.33945627270333 L250.02763842503055,246.86891939793222 L249.71262591592296,247.68845393357867 L248.766751701989,246.66351283488862 L248.49901198641282,246.9312525504648 L249.39761340681534,248.57115830836887 L249.19220684377177,249.23339576111428 L248.27770837775688,248.271624501568 L248.00913197556955,248.64980684981936 L248.98680028072818,250.11651847921007 L248.76633335868343,250.92099265585534 L247.74097391668778,249.89605155716532 L247.48829456011276,250.24243981419198 L248.41910841504557,251.5987088109075 C244.56156479422074,251.17785544548622 241.20812485662918,249.54380649386042 238.3587886022709,246.6944702395021 C236.10935664812547,244.4450382853567 234.6171260770939,241.88519559846515 233.88084185925942,239.01577886543862 L235.56843875400048,239.91396194253556 L235.86755421749575,239.5671553422033 L234.70121308151704,238.69992966971986 L235.45799612132532,238.41587456522575 L237.09790187922937,239.18897299395195 L237.3815386404179,238.85764509592644 L236.32522179380874,238.05358926258674 L237.00335629216653,237.73815841017358 L238.73780763713341,238.41587456522575 L238.94237751356582,238.05358926258674 L237.79151507989388,237.31228492508524 L238.54829811970217,236.88682978330246 L240.17314351860506,237.51769148812883 L240.3936104406498,237.1390907965719 L239.27370541159135,236.4454775959074 L240.0304884513996,235.98822836289995 L241.7649397963665,236.4613746415197 L241.95486765710336,236.08319229326838 L240.77137444559554,235.51508208428018 L241.5126787830971,235.01056005774132 L243.29482126490097,235.38874240599267 L243.48391243902665,234.9632872642099 L242.20629198376162,234.4428681920587 L242.74260810152512,233.96972191343895 L244.7134234141491,234.17471013317697 L244.82386604682426,233.7810490826189 L243.4989727980278,233.30790280399913 L244.06624632040484,232.7715866862356 L245.9274556869648,232.976156562668 L246.11654686109048,232.566180123192 L244.76027786437493,232.14072498140922 L245.23300579968912,231.62030590925804 L247.2515122491501,231.58893016133896 L247.377433584132,231.14715963063827 L245.9274556869648,230.86352286944978 L246.36922621766547,230.32720675168628 L248.38731432382087,230.18538837109202 L248.48144156757814,229.75951488600367 L246.99966957918627,229.55452666626564 L247.47281585780604,228.95545905266397 L249.53817675749283,228.62413115463846 L249.58544955102425,228.1509848760187 L248.0241923345707,228.10371208248728 L248.4345871173523,227.50422612558 L250.38950538436393,227.03107984696024 L250.40582077328185,226.6056247051775 L248.9236304415844,226.6215217507898 L249.34866724006156,225.88021741328828 L251.19356121770363,225.37569538674944 L251.19356121770363,224.90254910812968 L249.75906202284318,225.01299174080484 L250.0903899208687,224.31937854014032 L251.9984537376545,223.46804991326923 L251.9511809441231,223.08944922171227 L250.4526752235077,223.40446173081986 L250.67397883216364,222.694951484543 L252.66027284709435,221.76455597291582 L252.53435151211244,221.30730673990837 C251.8511968940876,221.48593933139438 251.3307778219364,221.63863463793388 250.97351263896445,221.76455597291582 L251.24167069784625,220.88143325482002 L252.8506190511368,220.0142075823366 L252.8506190511368,219.55695834932914 L251.43076187197192,220.03010462794893 L251.557519893565,219.21057009230248 L253.2129043537758,218.15383490238779 L253.13551084224207,217.6986773859083 zM261.30324554053766,234.27092909346214 L262.80133291784745,235.0595062244951 L263.11634542695504,234.7440753720819 L262.0604469236515,233.82957690606708 L262.7854358722351,233.40370342097873 L264.17266227356413,234.2864077957689 L264.50440851489526,234.0027710345804 L263.58907336226923,233.0409997750341 L264.1885593191765,232.77284171615236 L265.74939819232446,233.82915856276148 L266.0962047926567,233.57689754949206 L265.02399090043525,232.4256167725145 L265.82888342038615,232.15787705693833 L267.2161098217152,233.3246365362226 L267.5783951243542,233.11964831648461 L266.67979370395165,231.936991791588 L266.7906546799324,231.8897189980566 L267.5160619718216,231.74790061746234 C267.6419833068035,232.6414819181978 267.7051531459473,233.56141884718528 267.7051531459473,234.50729306111924 C267.7051531459473,239.26929490862483 266.033034953513,243.33224509249322 262.69089028517226,246.6957252694189 C259.32699176494106,250.03912496767634 255.26362323776704,251.7099881301939 250.50245807687264,251.7099881301939 C250.32340714208107,251.7099881301939 250.1443562072895,251.7099881301939 249.9661419591091,251.7099881301939 L251.0852103015564,251.25315724049204 L251.0852103015564,250.85824116001717 L249.55574717632754,251.09460512767424 L249.7448383504532,250.44826472054115 L251.6056293737076,249.75506986318223 L251.6056293737076,249.3764691716253 L249.9661419591091,249.53418459783188 L250.17113017884714,248.79288026033038 L251.9842300652645,248.27287953148476 L252.03150285879593,247.84700604639642 L250.4225545055054,247.98882442699067 L250.6589184731625,247.29521122632616 L252.66110953370554,246.7902708564817 L252.70880067054253,246.39660980592362 L251.02162211910706,246.4589429584562 L251.400222810664,245.71805696426026 L251.60479268709642,245.63940842280977 L253.3392440320633,245.35535331831568 L253.41789257351383,244.92947983322733 L251.74661106769065,244.92947983322733 L251.98297503534775,244.503606348139 C252.01435078326682,244.28313942609424 252.06706203977092,244.14090270219438 252.14069046155436,244.07773286305064 L254.09602707187156,243.9045387345373 L254.17467561332208,243.49498063836685 L252.5665639466427,243.32178650985352 L252.99243743173105,242.64323366819016 L254.90050124851683,242.56458512673967 L255.02642258349877,242.15502703056922 L253.4655837103508,241.87097192607513 L253.90777258435708,241.2560072668611 C253.95002525822144,241.22421317563646 254.02867379967194,241.22421317563646 254.14413655201417,241.2560072668611 L255.78404230991822,241.2401102212488 L255.98903052965625,240.90920066652887 L254.443670358815,240.56197572289102 L254.93229533974153,239.85288381991975 L256.68264373032076,240.02607794843308 L256.9353230868958,239.66337430248848 L255.51588425103645,239.23791916070573 L256.03588497988204,238.5752633646547 L257.8498215529106,238.89069421706787 L258.0071186358116,238.48071777759185 L256.6357892800949,237.9607170487463 L257.2666509849213,237.32985534391992 L258.90655674282533,237.7553104857027 L259.1742964584015,237.4085038853704 L257.8975126897476,236.79353922615638 L258.4484708232067,236.28859885631198 L260.1519647635601,236.79353922615638 L260.4046441201351,236.49358707604995 L259.11070827595216,235.72090699062937 L259.7737824153088,235.26365775762193 L261.4760213257454,235.92589521036737 L261.7445977279327,235.56360990772833 L260.5146684095047,234.75955407438866 L261.30324554053766,234.27092909346214 zM274.6433768691204,287.11019864903085 L255.72170915738565,305.3223561144888 C256.04759859243853,305.73191421065917 256.27308563415033,306.15736935244195 256.39984365574344,306.59955822644827 C256.52576499072535,306.96728199205984 256.57261944095114,307.27183591852776 256.5416620363377,307.51447503576867 C255.83717190972789,306.09419951329824 254.90677639810067,305.05377971230143 253.7504755014561,304.39196060286156 C254.9808231631897,305.5482614995061 255.7166890377186,306.76815057860006 255.95765478173715,308.0503728102266 C255.737606202998,308.0708716322004 255.4112984246395,307.9821828514158 254.9808231631897,307.7817964080392 C254.38091886297684,307.4659472123205 253.79230983201484,306.9463648267805 253.21415938369256,306.2209575348913 C252.70963735715372,305.6423887432634 252.33647512856942,305.07553356419197 252.0942543546341,304.5178819378435 C252.515526063361,304.58105177698724 252.98825399867516,304.84920983586903 253.5136931904934,305.32277445779437 C253.14638776818734,304.7023713356077 252.59417460481149,304.22922505698796 251.85789038697703,303.9029172786295 C251.82693298236353,303.41931241737 251.89512294117432,303.08840286265007 252.062878606715,302.9089335845529 C252.3787278024338,302.66754949722883 252.82468176619034,302.6993435884534 253.40325055781824,303.00473420153253 C253.67642873636703,303.14069577584854 253.9345465559147,303.3197467106401 254.17593064323884,303.54063197599044 C254.52315558687667,303.876979993683 254.86996218720896,304.21290966807 255.2171871308468,304.54925768576254 C254.86996218720896,304.11836408100714 254.68589113275033,303.64563614569295 254.66497396747093,303.13023719320887 L272.78258584586604,285.154443695408 C273.7916298989437,285.5752970608293 274.4116146778248,286.22707593093503 274.6433768691204,287.11019864903085 zM247.41173773519023,303.65023792205443 C245.9722184206627,304.35472804866424 244.93054358974916,305.2851235602915 244.2896416455887,306.4418428002416 C245.4459425422333,305.2010365558683 246.66039315835457,304.46558902464506 247.9321568073414,304.234245176655 C247.95349231592638,304.4547120986997 247.86940531150321,304.77516307077997 247.67989579407197,305.19643477950683 C247.36488328496438,305.81558287177677 246.83944409314614,306.40544693265554 246.10315987531166,306.9626802156984 C245.51455084434969,307.4768241382658 244.94183885900003,307.85040471015566 244.3846055759571,308.0817485581457 C244.45823399774056,307.66131353603 244.73183051959495,307.19360572038283 245.20455845490915,306.67862511120427 C244.58415533272247,307.0358902941763 244.10598893443566,307.578063218218 243.7696409167431,308.302633823496 C243.28603605548363,308.33442791472066 242.9551265007637,308.2654012692987 242.77607556597215,308.0980639470636 C242.534691478648,307.79309167729014 242.57108734623415,307.346719370228 242.8869365419529,306.7576919959604 C243.0237348028801,306.4953907433569 243.2019490510605,306.2372729238092 243.4232526597164,305.9850119105398 C243.7700592600487,305.6482455495417 244.10640727774125,305.3123158751547 244.43229671279414,304.9759678574621 C244.0018214513443,305.30143894920934 243.53411363569717,305.4750514210283 243.02917326585276,305.49596858630764 L225.1328649961136,287.2997081664621 C225.56334025756342,286.2797871874391 226.22557771030884,285.65436394558543 227.11915901104433,285.4238567842066 L245.20539514152034,304.47144583092324 C245.61495323769074,304.14555639587036 246.04584684244614,303.91463089118594 246.49807595578653,303.77783263025873 C246.8545044521473,303.6611148479998 247.15947672192078,303.6184438308298 247.41173773519023,303.65023792205443 zM199.35036707273943,259.6421955474435 L182.85676390663605,243.43222914252868 L187.69741429559213,248.98238977776163 L209.26886850491982,269.8907698477327 L199.35036707273943,259.6421955474435 zM175.7139703070305,237.25120680246943 C176.05031832472307,235.979024810177 176.93887950579148,235.11723760066621 178.37881716362457,234.66542683063142 C176.54982023159485,234.980439339739 175.66167739383204,235.8426448925554 175.7139703070305,237.25120680246943 zM178.64697522250634,231.84244620452517 C177.23841331259231,232.12650130901926 176.0139224571369,232.72556892262094 174.97308431283454,233.6400673886358 C176.48706873575668,232.86236718354814 178.10605732838135,232.3737422026216 179.83046843401414,232.17377410255068 C180.082311103978,232.38378244195573 180.24504664985162,232.6310233355581 180.31867507163506,232.91466009674662 C176.76568537727815,232.97741159258476 174.52127354279978,234.22323795662516 173.58543956819992,236.65172084556212 C175.35210334769707,234.10777520428292 177.61701400414927,233.17235957298868 180.38184491077882,233.8450556083738 L201.0542793563984,256.14108042297954 L221.82042270246964,279.9197139125883 C220.96909407559855,280.318813426119 220.22235127512437,281.0914935115396 219.5814493309639,282.2377541688501 L173.66366976634484,240.29423600731485 C174.05272904054146,240.1791915982782 175.01450030008775,239.55335001311892 176.54982023159485,238.4179662817537 C176.39210480538827,238.52338879476184 176.223930796542,238.62839296446435 176.04487986175042,238.73339713416686 C174.0686260861538,239.2902120739042 172.75460976330262,239.33790321074122 172.10283089319688,238.87521551476112 C171.53555737081987,236.9094203218042 172.208253406205,235.02269201360338 174.12133734265785,233.21419390354745 C175.73028569594842,232.06835158954254 177.23841331259231,231.6115206998407 178.64697522250634,231.84244620452517 z\" fill=\"#FFFFFF\" clip-rule=\"evenodd\" fill-rule=\"evenodd\"/>\n     <path id=\"xe_kcnb\" pointer-events=\"bounding-box\" d=\"M255.24856287876588,236.09992602549187 L255.7058121117733,235.9899017361223 L256.0526187121056,237.42481927428832 L256.57261944095114,236.88850315652482 L256.62072892109376,234.79092982230776 L257.0466024061821,234.66500848732585 L257.2984450761459,236.1944716125547 L257.8506582395218,235.72132533393494 L258.02385236803514,233.7500916780054 L258.4815199443482,233.6396490453302 L258.6547140728615,235.12225772033327 L259.33284857121924,234.58594160256973 L259.58552792779426,232.67787778578395 L260.01098306957704,232.61512628994575 L260.0896316110275,234.08100123272533 L260.76734776607975,233.6396490453302 L261.31997927276115,231.55797275672546 L261.7454344145439,231.58976684795016 L261.61909473625644,233.10333292756667 L262.31270793692096,232.77242337284676 L262.97494538966635,230.72295951877229 L263.41671592036704,230.72295951877229 L263.21172770062907,232.31517413983934 L264.0157835339687,231.96836753950708 L264.6939180323265,230.17074635539643 L265.07251872388343,230.18664340100878 L264.86753050414546,231.63703964148158 L265.6084164983414,231.40067567382448 L266.42878772059896,229.6348485809385 C266.5965433861397,229.61393141565912 266.73836176673393,229.61895153532618 266.85424286238174,229.65074562655084 L266.41330901829224,231.18020875177973 L267.3754986211441,230.9752205320417 C267.427373191037,231.22748154531115 267.4746459845684,231.4847626782476 267.5173170017384,231.74790061746234 L266.79190970984916,231.8897189980566 L266.6810487338684,231.936991791588 L267.57965015427095,233.11964831648461 L267.21736485163194,233.3246365362226 L265.8301384503029,232.15787705693833 L265.025245930352,232.4256167725145 L266.09745982257346,233.57689754949206 L265.7506532222412,233.82915856276148 L264.18981434909324,232.77284171615236 L263.590328392186,233.0409997750341 L264.505663544812,234.0027710345804 L264.17391730348095,234.2864077957689 L262.78669090215186,233.40370342097873 L262.0617019535683,233.82957690606708 L263.1176004568718,234.7440753720819 L262.8025879477642,235.0595062244951 L261.3045005704544,234.27092909346214 L260.5159234394215,234.75997241769426 L261.7458527578495,235.56402825103396 L261.4772763556622,235.92631355367297 L259.7750374452255,235.26407610092753 L259.1119633058689,235.72132533393494 L260.4058991500519,236.49400541935557 L260.15321979347686,236.79395756946198 L258.4497258531235,236.28901719961755 L257.8987677196644,236.79395756946198 L259.17555148831826,237.408922228676 L258.9078117727421,237.75572882900826 L257.26790601483805,237.33027368722549 L256.6370443100117,237.96113539205186 L258.0083736657284,238.48113612089747 L257.8510765828274,238.89111256037347 L256.0371400097988,238.5756817079603 L255.51713928095324,239.23833750401133 L256.93657811681254,239.66379264579408 L256.6838987602375,240.02649629173868 L254.9335503696583,239.85330216322535 L254.44492538873178,240.5623940661966 L255.990285559573,240.90961900983444 L255.78529733983498,241.24052856455438 L254.14539158193094,241.25642561016673 C254.0299288295887,241.22463151894203 253.95086194483264,241.22463151894203 253.90902761427384,241.25642561016673 L253.46683874026758,241.87139026938073 L255.02767761341553,242.15544537387484 L254.90175627843362,242.56500347004527 L252.9936924616478,242.64365201149576 L252.56781897655947,243.32220485315912 L254.17593064323884,243.49539898167245 L254.09728210178832,243.90495707784288 L252.14194549147112,244.0781512063562 C252.06831706968768,244.14132104549998 252.01560581318358,244.2835577693998 251.9842300652645,244.50402469144456 L251.7478660976074,244.9298981765329 L253.41914760343056,244.9298981765329 L253.34049906198007,245.35577166162125 L251.60604771701315,245.63982676611533 L251.40147784058075,245.71847530756585 L251.02287714902383,246.4593613017618 L252.7100557004593,246.39702814922921 L252.6623645636223,246.79068919978732 L250.66017350307925,247.29562956963173 L250.42380953542215,247.98924277029624 L252.0327578887127,247.84742438970198 L251.98548509518128,248.27329787479033 L250.1723852087639,248.79329860363595 L249.96739698902587,249.53460294113748 L251.60688440362435,249.3768875149309 L251.60688440362435,249.75548820648783 L249.74609338036996,250.44868306384677 L249.5570022062443,251.09502347097987 L251.08646533147316,250.85865950332277 L251.08646533147316,251.2535755837976 L249.96739698902587,251.71040647349946 C249.44195779720764,251.68948930822006 248.9265588447235,251.65225675402274 248.42203681818467,251.59996384082427 L247.4912229632519,250.24369484410875 L247.7439023198269,249.89730658708208 L248.76926176182252,250.9222476857721 L248.98972868386727,250.11777350912683 L248.01206037870867,248.65106187973612 L248.280636780896,248.27287953148476 L249.19513524691087,249.23465079103104 L249.40054180995446,248.57241333828563 L248.50194038955192,246.93250758038155 L248.7696801051281,246.66476786480538 L249.71555431906205,247.68970896349543 L250.03056682816964,246.87017442784898 L249.22651099482994,245.3407113026201 L249.54236019054872,245.0093834045946 L250.31504027596932,246.08201564012163 L250.67732557860833,245.27712312017076 L249.98329403463822,243.66942979679698 L250.31504027596932,243.38495634899726 L251.05592627016526,244.47306728683105 L251.46590270964128,243.6849084991037 L250.88231379834633,241.91908140621774 L251.2604961465977,241.71409318647972 L251.93863064495545,242.8335798722326 L252.33229169551356,242.20271816740626 L251.8281880122803,240.38961828098886 L252.17499461261255,240.20052710686318 L252.8368137220524,241.44635347090355 L253.27900259605866,240.80043140707605 L252.85312911097031,239.00281022296542 L253.21541441360932,238.76644625530832 C253.35221267453653,239.0396244338571 253.54716065494043,239.46005945597284 253.79900332490428,240.02775132165544 L254.24077385560494,239.47637484489076 L254.00440988794787,237.45786839542978 L254.43028337303622,237.33194706044787 L254.90342965165598,238.68779771385783 L255.39247297588807,238.16737864170665 L255.39247297588807,237.93059633074395 L255.34520018235665,237.67833531747453 L255.24856287876588,236.09992602549187 zM249.39886843673213,223.84832397804848 L248.35761194912416,222.50795202694528 L248.657145755925,222.1925211745321 L249.6666081523083,223.10701964054698 L249.9979360503338,222.30338215051285 L248.90982511250002,221.0257616952478 L249.13029203454477,220.66305804930323 L250.2025059267662,221.49890797386757 L250.42297284881096,220.8203551322042 L249.11439498893242,219.38543759403817 L249.38297139111978,219.05410969601266 L250.59700366393548,219.90585666618935 L250.7701977924488,219.1172795351564 L249.46161993257027,217.88735021672838 L249.58795961085778,217.47779212055795 L250.8488463338993,218.2659509082853 L250.92791321865542,217.3355553966581 C251.20067305389864,217.3355553966581 251.47928969542008,217.3455956359922 251.76292645660857,217.3669311445772 L251.70101164738162,218.31322370181672 L253.13551084224207,217.6982590426027 L253.21415938369256,218.15508993230455 L251.55877492348174,219.21182512221924 L251.43201690188866,220.0313596578657 L252.85187408105355,219.55821337924593 L252.85187408105355,220.01546261225334 L251.242925727763,220.8826882847368 L250.97476766888124,221.76581100283258 C251.33203285185317,221.63988966785067 251.85287026730995,221.4871943613111 252.5356065420292,221.30856176982513 L252.6615278770111,221.76581100283258 L250.6752338620804,222.6962065144598 L250.45393025342446,223.40571676073662 L251.95243597403984,223.09070425162903 L251.99970876757126,223.46930494318596 L250.09164495078545,224.32063357005708 L249.76031705275994,225.0142467707216 L251.1948162476204,224.90380413804644 L251.1948162476204,225.3769504166662 L249.34992226997832,225.88147244320504 L248.92488547150117,226.62277678070657 L250.40707580319864,226.60687973509422 L250.3907604142807,227.03233487687697 L248.43584214726906,227.50548115549674 L248.02544736448746,228.10496711240404 L249.58670458094102,228.15223990593546 L249.5394317874096,228.62538618455523 L247.4740708877228,228.95671408258073 L247.00092460910304,229.5557816961824 L248.4826965974949,229.76076991592043 L248.38856935373764,230.18664340100878 L246.37048124758226,230.32846178160304 L245.92871071688157,230.86477789936654 L247.37868861404877,231.14841466055503 L247.25276727906686,231.59018519125573 L245.2342608296059,231.6215609391748 L244.7615328942917,232.14198001132598 L246.11780189100722,232.56743515310876 L245.92871071688157,232.97741159258476 L244.0675013503216,232.77284171615236 L243.50022782794457,233.3091578339159 L244.82512107674103,233.78230411253566 L244.71467844406587,234.17596516309374 L242.74386313144188,233.9709769433557 L242.20754701367838,234.44412322197547 L243.48516746894342,234.96454229412666 L243.29607629481774,235.38999743590944 L241.51393381301386,235.01181508765808 L240.7726294755123,235.51633711419694 L241.95612268702013,236.08444732318515 L241.76619482628325,236.46262967143647 L240.03174348131637,235.9894833928167 L239.2749604415081,236.44673262582415 L240.39486547056657,237.14034582648867 L240.17439854852182,237.5189465180456 L238.54955314961893,236.88808481321922 L237.79277010981065,237.313539955002 L238.94363254348258,238.0548442925035 L238.73906266705018,238.4171295951425 L237.0046113220833,237.73941344009035 L236.3264768237255,238.0548442925035 L237.38279367033465,238.8589001258432 L237.09915690914613,239.1902280238687 L235.45925115124209,238.4171295951425 L234.7024681114338,238.7011846996366 L235.8688092474125,239.56841037212007 L235.56969378391724,239.91521697245233 L233.88209688917618,239.01703389535538 C233.79800988475304,238.73339713416686 233.72981992594225,238.44432191000573 233.67752701274378,238.14980822287194 L234.0398123153828,236.46304801474207 L234.4661041437767,236.44715096912972 L234.44937041155322,238.0079898422777 L235.08023211637956,237.7398317833959 L235.44293576232417,235.7531194251596 L235.8688092474125,235.7054282883226 L235.8688092474125,237.4085038853704 L236.61011358491402,237.02990319381348 L236.8778533004902,235.13773642264 L237.30330844227296,235.07456658349628 L237.33552087680323,236.49358707604995 L237.38279367033465,236.65130250225656 L238.04503112308007,236.32039294753662 L238.21822525159342,234.27051075015657 L238.4232134713314,234.2073409110128 C238.53867622367363,234.15504799781434 238.60226440612297,234.14417107186904 238.61272298876267,234.17596516309374 L238.81771120850067,235.87904076014155 L239.49584570685846,235.38999743590944 L239.60586999622802,233.35601228414168 L239.90582214633446,233.26146669707887 L240.28400449458582,234.93232985959642 L240.9780360385559,234.36505633721941 L240.93076324502448,232.42519842920893 L241.2457757541321,232.31475579653375 L241.67164923922044,233.84421892176263 L242.27113519612772,233.32379984961145 L242.0971043810032,231.3998389872133 L242.44432932464105,231.2421235610067 L242.96474839679223,232.77200502954116 L243.5328586057804,232.2202102094709 L243.21700941006165,230.32804343829744 L243.5956101016186,230.15484930978408 L244.17919901291353,231.58934850464453 L244.73141217628938,230.9898625477373 L244.33733278242568,229.27130824838272 L244.71551513067703,229.0190472351133 L245.299104041972,230.3435221406042 L245.83542015973552,229.76035157261484 L245.299104041972,228.0413789299547 L245.66222603122216,227.78911791668526 L246.371736277499,229.06632002864472 L246.92311275426368,228.34091273675554 L246.24497825590592,226.76417681799524 L246.59220319954377,226.47970337019555 L247.36488328496438,227.63098414717308 L247.75896267882806,227.00054078565233 L247.0021796390198,225.42338652358643 L247.30129510251504,225.17070716701141 L248.2162119118355,226.29061219606987 L248.61029130569915,225.54972620187394 L247.7271685876034,223.9098204439699 L248.05807814232332,223.64166238508813 L249.0361647907875,224.761149070841 L249.39886843673213,223.84832397804848 zM250.50245807687264,216.1223598104536 C245.43548395959357,216.1223598104536 241.1089774932049,217.9245827709257 237.52503039423448,221.53028372178667 C233.9193294433735,225.11506750736825 232.11626979629023,229.44115563045136 232.11626979629023,234.5077114044248 C232.11626979629023,239.584725761038 233.9193294433735,243.9212724667608 237.52503039423448,247.51651483498208 C241.1089774932049,251.10129862056368 245.43548395959357,252.89389968500726 250.50245807687264,252.89389968500726 C255.57947243348582,252.89389968500726 259.915600795903,251.10129862056368 263.5108431641243,247.51651483498208 C267.0952086064003,243.9212724667608 268.8878096708439,239.58514410434356 268.8878096708439,234.5077114044248 C268.8878096708439,229.44115563045136 267.0956269497059,225.11548585067385 263.5108431641243,221.53028372178667 C259.91601913920863,217.9245827709257 255.5798907767914,216.1223598104536 250.50245807687264,216.1223598104536 zM251.55877492348174,278.2484324067651 L209.44164429012758,235.32724594007126 L251.87378743258935,193.8727711027681 L294.1327364465378,234.93274820290202 L251.55877492348174,278.2484324067651 z\" fill=\"#0E8D44\" clip-rule=\"evenodd\" fill-rule=\"evenodd\"/>\n     <path id=\"xe_effa\" pointer-events=\"bounding-box\" d=\"M283.3942821354053,300.2286080256521 L214.20406448093874,300.2286080256521 L214.20406448093874,289.1441838007986 L283.3942821354053,289.1441838007986 L283.3942821354053,300.2286080256521 zM196.87502973357658,292.8339717560827 L212.8950682777546,292.8339717560827 L212.8950682777546,302.2943872686445 L222.79725432101708,302.2943872686445 L222.79725432101708,305.02198562107674 L196.98505402294617,305.02198562107674 L206.39903342858773,299.0145757528364 L196.87502973357658,292.8339717560827 zM274.57978868667107,305.02198562107674 L274.57978868667107,302.2943872686445 L284.4823930732391,302.2943872686445 L284.4823930732391,292.8339717560827 L300.5024316174172,292.8339717560827 L290.978427922406,299.0141574095308 L300.39240732804757,305.02156727777117 L274.57978868667107,305.02156727777117 L274.57978868667107,305.02198562107674 z\" fill=\"#0E8D44\" clip-rule=\"evenodd\" fill-rule=\"evenodd\"/>\n    </g>\n   </g>\n  </g>\n </g>\n</svg>","printColors":["#010101","#FFFFFF","#0E8D44"],"printColorNames":["No Name","No Name","No Name"],"printColorCategories":["No Category","No Category","No Category"],"cmykValue":["","",""],"printUnit":"inch","PrintDimension":{"boundheight":"13.00","boundwidth":"12.00"},"printSize":"Full Front","designPrice":0,"webFontPrice":0,"isTransit":0,"noOfLines":[],"scalingPrice":0,"isWhiteBase":false,"customizeImage":"https://www.screenshotsinc.com//designer-tool/designer-assets/screenshotsinc_com/images/capturedImage/cart/ci_59433b571aa1b6.07603420.png","totalBackgroundPrice":0,"totalBackgroundPatternPrice":0,"imagePresent":0},{"url":"https://www.screenshotsinc.com//designer-tool/designer-assets/screenshotsinc_com/images/productTemplate/16/51.png","svg":"","printColors":[],"printColorNames":[],"printColorCategories":[],"cmykValue":[],"printUnit":"inch","PrintDimension":{"boundheight":"12.00","boundwidth":"13.00"},"printSize":"","webFontPrice":0,"isTransit":0,"noOfLines":0,"scalingPrice":0,"isWhiteBase":false,"customizeImage":"https://www.screenshotsinc.com//designer-tool/designer-assets/screenshotsinc_com/images/capturedImage/cart/ci_59433b571b13c6.72922730.png","imagePresent":0}],"simpleData":{"_R!@#&":["U{{/U~}",""],"isObject":[1,0],"isMultiBoundObject":[]},"nameNumberData":{},"envInfo":{"browserIp":"72.161.26.221","browserHeight":1080,"browserWidth":1920,"browserLang":"en-US","userAgent":"Mozilla/5.0 (Macintosh; Intel Mac OS X 10_11_6) AppleWebKit/537.36 (KHTML, like Gecko) Chrome/58.0.3029.110 Safari/537.36","browserName":"Chrome"},"notes":"","multiBoundPriceArr":[],"unitPrice":"8.75"}