{"version":1.2,"sizeData":[{"is_predeco_product_template":false,"qty":12,"id":439,"refid":0,"addedprice":"7.83","simple_product":{"xe_color":"Daisy","xe_size":"S","simpleProductId":"1843"}},{"is_predeco_product_template":false,"qty":0,"id":439,"refid":0,"addedprice":"7.83","simple_product":{"xe_color":"Daisy","xe_size":"M","simpleProductId":"1844"}},{"is_predeco_product_template":false,"qty":0,"id":439,"refid":0,"addedprice":"7.83","simple_product":{"xe_color":"Daisy","xe_size":"L","simpleProductId":"1845"}},{"is_predeco_product_template":false,"qty":0,"id":439,"refid":0,"addedprice":"7.83","simple_product":{"xe_color":"Daisy","xe_size":"XL","simpleProductId":"1846"}},{"is_predeco_product_template":false,"qty":0,"id":439,"refid":0,"addedprice":"7.83","simple_product":{"xe_color":"Daisy","xe_size":"2XL","simpleProductId":"1847"}},{"is_predeco_product_template":false,"qty":0,"id":439,"refid":0,"addedprice":"7.83","simple_product":{"xe_color":"Daisy","xe_size":"3XL","simpleProductId":"1848"}},{"is_predeco_product_template":false,"qty":0,"id":439,"refid":0,"addedprice":"7.83","simple_product":{"xe_color":"Daisy","xe_size":"4XL","simpleProductId":"1849"}},{"is_predeco_product_template":false,"qty":0,"id":439,"refid":0,"addedprice":"7.83","simple_product":{"xe_color":"Daisy","xe_size":"5XL","simpleProductId":"1850"}}],"printType":"Screen Print A","multipleBoundary":"false","printTypeId":"1","productInfo":{"productId":439,"variantId":"1843"},"sides":[{"url":"https://www.screenshotsinc.com//designer-tool/designer-assets/screenshotsinc_com/images/productTemplate/16/50.png","svg":"<svg width=\"500\" height=\"500\" xmlns=\"http://www.w3.org/2000/svg\" xmlns:xhtml=\"http://www.w3.org/1999/xhtml\" xmlns:xlink=\"http://www.w3.org/1999/xlink\" class=\"mainContent\">\n <!-- Created with Product Designer Tool by Riaxe-->\n <defs>\n  <mask height=\"500\" width=\"500\" y=\"0\" x=\"0\" patternUnits=\"userSpaceOnUse\">\n   <image height=\"500\" width=\"500\" y=\"0\" x=\"0\" xlink:href=\"#\" id=\"xe_zmfw\" xmlns:xlink=\"http://www.w3.org/1999/xlink\"/>\n  </mask>\n  <image preserveAspectRatio=\"none\" height=\"500\" width=\"500\" xlink:href=\"#\" id=\"xe_2ij4\" xmlns:xlink=\"http://www.w3.org/1999/xlink\"/>\n  <clipPath class=\"boundryClipPath\" id=\"boundryClipPath0\">\n   <rect aHeight=\"13\" aWidth=\"12\" height=\"173\" width=\"160\" y=\"162.27991\" x=\"169.72622\" id=\"boundRectangle\"/>\n  </clipPath>\n  <filter style=\"color-interpolation-filters:sRGB;\" id=\"filter8483\">\n   <feColorMatrix type=\"matrix\" id=\"feColorMatrix8485\" result=\"colormatrix\" values=\"0\"/>\n  </filter>\n  <g type=\"patternG\" id=\"xe_k71r\" xmlns:xlink=\"http://www.w3.org/1999/xlink\"/>\n </defs>\n <g id=\"layer_background\">\n  <title>background</title>\n  <rect opacity=\"0\" fill=\"#fff\" stroke-width=\"0\" stroke=\"#000000\" fill-opacity=\"0\" height=\"502\" width=\"502\" y=\"-1\" x=\"-1\" id=\"canvas_background\"/>\n  <g id=\"bleedM\">\n   <rect display=\"none\" stroke-width=\"0.5\" stroke=\"#ff0000\" fill=\"none\" y=\"0\" x=\"0\" height=\"0\" width=\"0\" class=\"bleedRect\" isbleed=\"false\" id=\"cropM\" isBleed=\"false\"/>\n   <rect display=\"none\" stroke-dasharray=\"3,3\" stroke-width=\"0.5\" stroke=\"#2B8F49\" fill=\"none\" y=\"0\" x=\"0\" height=\"0\" width=\"0\" class=\"bleedRect\" id=\"safeM\"/>\n   <path display=\"none\" stroke=\"#ff0000\" fill=\"none\" ay=\"0\" ax=\"0\" y=\"0\" x=\"0\" aheight=\"0\" awidth=\"0\" height=\"0\" width=\"0\" class=\"bleedPath\" isbleed=\"false\" id=\"cropMMask\" pointer-events=\"bounding-box\" isBleed=\"false\"/>\n   <path display=\"none\" stroke-dasharray=\"5,5\" stroke-width=\"2\" stroke=\"#2B8F49\" fill=\"none\" ay=\"0\" ax=\"0\" y=\"0\" x=\"0\" aheight=\"0\" awidth=\"0\" height=\"0\" width=\"0\" class=\"bleedPath\" id=\"safeMMask\" pointer-events=\"bounding-box\"/>\n   <rect display=\"none\" fill=\"#ff0000\" y=\"0\" x=\"0\" height=\"0.5\" width=\"0\" class=\"bleedRect\" id=\"hAlignTleft\"/>\n   <rect display=\"none\" fill=\"#ff0000\" y=\"0\" x=\"0\" height=\"0.5\" width=\"0\" class=\"bleedRect\" id=\"hAlignBleft\"/>\n   <rect display=\"none\" fill=\"#ff0000\" y=\"0\" x=\"0\" height=\"0\" width=\"0.5\" class=\"bleedRect\" id=\"vAlignBleft\"/>\n   <rect display=\"none\" fill=\"#ff0000\" y=\"0\" x=\"0\" height=\"0\" width=\"0.5\" class=\"bleedRect\" id=\"vAlignTleft\"/>\n   <rect display=\"none\" fill=\"#ff0000\" y=\"0\" x=\"0\" height=\"0.5\" width=\"0\" class=\"bleedRect\" id=\"hAlignTright\"/>\n   <rect display=\"none\" fill=\"#ff0000\" y=\"0\" x=\"0\" height=\"0.5\" width=\"0\" class=\"bleedRect\" id=\"hAlignBright\"/>\n   <rect display=\"none\" fill=\"#ff0000\" y=\"0\" x=\"0\" height=\"0\" width=\"0.5\" class=\"bleedRect\" id=\"vAlignTright\"/>\n   <rect display=\"none\" fill=\"#ff0000\" y=\"0\" x=\"0\" height=\"0\" width=\"0.5\" class=\"bleedRect\" id=\"vAlignBright\"/>\n  </g>\n </g>\n <g id=\"layer_area_0\" clip-path=\"url(#boundryClipPath0)\">\n  <title>area_0</title>\n  <g id=\"background\" type=\"bg_area_0\"/>\n  <g id=\"pbgpattern\" type=\"bgptrn_area_0\"/>\n  <g id=\"backgroundBorder\" type=\"bgBrdr_area_0\"/>\n  <g xe_p=\"&amp;#35;&amp;#103;&amp;#81;&amp;#84;&amp;#19;&amp;#58;&amp;#122;&amp;#61;&amp;#93;&amp;#111;&amp;#75;&amp;#56;&amp;#110;&amp;#54;&amp;#26;&amp;#28;&amp;#19;&amp;#116;&amp;#33;&amp;#53;&amp;#93;&amp;#18;&amp;#11;&amp;#34;&amp;#60;&amp;#32;&amp;#75;&amp;#89;&amp;#86;&amp;#110;&amp;#122;&amp;#105;&amp;#26;&amp;#83;&amp;#94;&amp;#108;&amp;#55;&amp;#55;&amp;#75;&amp;#18;&amp;#11;&amp;#91;&amp;#122;&amp;#102;&amp;#8;&amp;#1;&amp;#1;&amp;#49;&amp;#104;&amp;#116;&amp;#26;&amp;#109;&amp;#29;&amp;#34;&amp;#40;&amp;#55;&amp;#81;&amp;#83;&amp;#84;&amp;#34;&amp;#98;&amp;#103;&amp;#8;&amp;#30;&amp;#1;&amp;#48;&amp;#122;&amp;#105;&amp;#26;&amp;#89;&amp;#66;&amp;#83;&amp;#59;&amp;#36;&amp;#84;&amp;#81;&amp;#83;&amp;#108;&amp;#61;&amp;#103;&amp;#2;&amp;#18;&amp;#0;&amp;#34;&amp;#116;&amp;#103;&amp;#91;&amp;#95;&amp;#93;&amp;#111;&amp;#42;&amp;#0;&amp;#92;&amp;#89;&amp;#69;&amp;#34;&amp;#98;&amp;#35;&amp;#89;&amp;#92;&amp;#66;&amp;#101;&amp;#116;&amp;#103;&amp;#74;&amp;#85;&amp;#66;&amp;#105;&amp;#34;&amp;#32;&amp;#26;&amp;#10;&amp;#87;&amp;#97;&amp;#52;&amp;#54;&amp;#93;&amp;#28;&amp;#19;&amp;#112;&amp;#55;&amp;#54;&amp;#81;&amp;#68;&amp;#88;&amp;#111;&amp;#54;&amp;#103;&amp;#2;&amp;#86;&amp;#80;&amp;#108;&amp;#43;&amp;#32;&amp;#20;&amp;#18;&amp;#93;&amp;#111;&amp;#59;&amp;#46;&amp;#104;&amp;#66;&amp;#94;&amp;#112;&amp;#61;&amp;#55;&amp;#76;&amp;#89;&amp;#84;&amp;#115;&amp;#122;&amp;#127;&amp;#67;&amp;#18;&amp;#82;&amp;#111;&amp;#52;&amp;#42;&amp;#74;&amp;#117;&amp;#85;&amp;#105;&amp;#44;&amp;#103;&amp;#2;&amp;#86;&amp;#80;&amp;#108;&amp;#43;&amp;#32;&amp;#20;&amp;#18;&amp;#67;&amp;#101;&amp;#43;&amp;#44;&amp;#66;&amp;#85;&amp;#19;&amp;#58;&amp;#62;&amp;#36;&amp;#84;&amp;#67;&amp;#84;&amp;#44;&amp;#122;&amp;#40;&amp;#87;&amp;#70;&amp;#84;&amp;#34;&amp;#98;&amp;#35;&amp;#89;&amp;#92;&amp;#66;&amp;#101;&amp;#116;&amp;#103;&amp;#74;&amp;#95;&amp;#69;&amp;#97;&amp;#44;&amp;#32;&amp;#26;&amp;#10;&amp;#87;&amp;#97;&amp;#52;&amp;#54;&amp;#93;&amp;#28;&amp;#19;&amp;#100;&amp;#61;&amp;#41;&amp;#93;&amp;#68;&amp;#84;&amp;#34;&amp;#98;&amp;#35;&amp;#89;&amp;#92;&amp;#66;&amp;#101;&amp;#37;&amp;#56;\" scaled=\"true\" id=\"xe_z86s\">\n   <g id=\"xe_u3kk\">\n    <g id=\"xe_a7s8\">\n     <path id=\"xe_sqj0\" pointer-events=\"bounding-box\" d=\"M312.82973095977394,195.8867155013889 C314.80297118508906,195.64012973888813 316.44539860093687,197.509194406113 317.76033795917124,201.49501775368154 C317.8844620283851,202.64593602045477 317.8844620283851,203.67273021801412 317.76033795917124,204.57706272228657 C317.6373221405753,205.52240049942432 317.3702337416419,206.36467096908984 316.95962688768,207.10387413128316 C316.6720358523139,207.18699292763174 316.34343954408257,207.14598765476643 315.97272971236794,206.98085831268727 C315.11051073157876,206.61125673159063 314.00059773767083,205.31737413509785 312.64520723188014,203.097548147282 C312.02901988828273,201.16697557075918 311.8234393986472,199.50293726786077 312.02901988828273,198.10543323858678 C312.1110304340133,197.2847736559719 312.3581703218231,196.56441075428427 312.76822305047597,195.94822341068684 C312.767668925167,195.90721813782153 312.78817156159965,195.8867155013889 312.82973095977394,195.8867155013889 zM311.9048958190689,195.4556060109943 C311.6583100565681,196.15380390032232 311.4948430904159,197.03707964285314 311.4122784193763,198.10487911327778 C311.24770320260615,199.74952303036153 311.26765171372983,201.80311142548024 311.47378632867424,204.2684149251789 C310.2824169143447,201.92723549469412 309.8712559350738,199.58439368828238 310.2408575161704,197.24155188187063 C309.41908968293757,198.47448069437442 308.28978230321496,199.2962485276073 306.8507188757667,199.70685538156926 C307.54947089040365,198.96820634468494 308.0836476882705,198.20794642075 308.4532492693671,197.42718386038243 C308.49425454223245,197.42718386038243 308.5147571786651,197.4066812239498 308.5147571786651,197.36567595108448 C309.33652501189795,195.63957561357915 309.2960738643417,193.89352676495014 308.3917413600692,192.1264211545795 C308.3496278365859,192.0854158817142 308.289228177906,192.04441060884892 308.2061093815574,192.00229708536563 C307.4253468211898,191.50967968567312 306.64513838613124,191.1605807410091 305.86492995107267,190.95500025137363 C305.86492995107267,190.91399497850836 305.842764938713,190.8934923420757 305.80231379115673,190.8934923420757 C302.84439289176555,190.07117038353383 299.9878769239196,191.38610974176822 297.2360906394729,194.8383104167789 C296.5783438977012,195.53650830610692 295.8795918830642,196.15269564970433 295.14038872087093,196.68742657288016 C295.05726992452236,196.72843184574543 294.97525937879175,196.78993975504338 294.89380295837015,196.87139617546498 C294.81179241263953,196.87139617546498 294.729781866909,196.89189881189762 294.64721719586936,196.93290408476292 C293.90801403367607,197.42662973507345 293.12669734799954,197.8372365890354 292.30548364007564,198.16583289726674 C291.97522495591727,198.2899569664806 291.6261260112533,198.4124186597675 291.2565244301567,198.53654272898137 L292.4279453333625,198.53654272898137 C288.64770247542947,199.89193323477207 284.5599200710067,201.94662988050877 280.16182749354925,204.70007854088246 L280.71706105315775,203.46714972837864 L272.58139326655953,201.98763515337407 C267.81425323331445,200.71370106800495 263.06872408712,201.7404952655643 258.34314345204916,205.06912599667012 C255.83683467948526,206.50652704819143 252.87780552947612,206.8977395163387 249.46827250325768,206.240546899876 C238.41513496482463,209.40404828890263 230.15534310901253,214.58179517610967 224.69055931174844,221.7721251855701 C224.64955403888314,221.8131304584354 224.60854876601786,221.85413573130072 224.56754349315256,221.895141004166 C224.5254299696693,221.97825980051456 224.48442469680398,222.05971622093617 224.44341942393868,222.14172676666675 C220.62217129314035,229.78477715357243 216.55489152515023,233.93406746729312 212.24047186935036,234.59292245968282 L217.849882372261,226.82685625418125 L213.0417370661506,228.80009647949635 L221.0543890341529,221.7732334361881 L224.75262134635537,216.28739287718236 L222.78048937165826,217.33579796179234 C222.12329675519555,214.49978463037905 219.98658956372827,212.50770414455832 216.3703677972564,211.35623175247608 L217.6032966097602,213.26685581787527 C216.9871092661628,212.44619623526035 215.19950101935953,212.1990563474506 212.24158011996835,212.52765265568195 C214.21371209466545,213.30896934135853 215.09698783719628,214.0686751399845 214.8914073475608,214.80787830217778 C213.45400629603952,213.9040999232143 211.9949943574676,214.13018304928244 210.515479782463,215.48668180569112 C212.4477147349128,215.89728865965307 213.3913901361236,216.47247073038517 213.35038486325828,217.21167389257846 L209.34405887925715,217.45825965507925 C208.070678919197,222.75846823557316 208.05017628276437,227.03188261850772 209.2825509699592,230.27905692919194 C209.2825509699592,230.32006220205722 209.30305360639184,230.3815701113552 209.34405887925715,230.46358065708577 C209.34405887925715,232.68229839428363 209.73416309678643,234.42890136822163 210.515479782463,235.70283545359075 C209.1600892766723,235.53881436212956 207.9681657370338,234.26543440206945 206.94137153947443,231.88158732279243 C200.9008515461692,234.757497676453 196.23733294570536,240.30484614475665 192.94970748746482,248.52307860239443 C194.88194243991464,250.00259317739904 195.99074718320458,251.48099950178562 196.27833821857064,252.96051407679022 C193.36031434142677,252.13819211824833 190.60852805698008,252.6518662796825 188.01910048806755,254.50098243578373 C184.69046975696176,259.10354725225864 181.2604340943107,262.5341370402187 177.7262228735694,264.7949683008999 C180.60213322723,262.12353018625674 183.3550277622947,258.21971738441886 185.9854606040725,253.0835298953861 C186.0669170244941,252.87794940575063 186.16998433196633,252.69287155254779 186.2935542758712,252.52885046108662 C186.3750106962928,252.32326997145117 186.47807800376503,252.13763799293935 186.6016479476699,251.97417102678713 C191.57326021993248,242.44099921091495 198.14740288579554,234.5934765849918 206.32463007056802,228.42994077309072 C206.5296564348945,227.48460299595297 206.11904958093254,226.66283516272006 205.0917012580642,225.96463727339207 C205.8309044202575,225.26533113344607 205.8309044202575,224.58763588055075 205.0917012580642,223.930443264088 C205.2147170766601,216.28739287718236 207.90665782773584,211.04813808067738 213.16586113536448,208.2132329998821 C213.37199575030894,208.09021718128622 213.5764679893264,207.96664723738132 213.78204847896188,207.84363141878544 C216.32936252439112,206.36411684378086 220.02759483659355,207.61754829271732 224.87619129026024,211.60337164028584 C226.0664524539718,212.75428990705907 227.11541166389077,213.2879125796169 228.01919004285423,213.2059020338863 L228.08069795215218,213.14439412458836 C232.10752657258598,209.4871670852512 237.71693707549662,207.10387413128316 244.90726708495706,205.9950693879932 C247.4545811303863,205.74848362549244 249.44666161620705,204.94666430338322 250.88572504365533,203.59127379759252 C254.66707615220633,203.7142896161884 257.6859508355865,202.83156799896656 259.9473362215766,200.94033831938208 C265.9861938389549,198.18744378431737 273.0540621551284,197.87935011251867 281.14872466886135,200.01605730398595 C283.16297016704175,201.0439597521633 285.62827366674037,200.7358660803646 288.5451892932662,199.0917762885898 L295.88014600837323,194.16116928919254 C297.2366447647819,192.14858616693914 299.00375037515255,190.7305795012325 301.17980046355814,189.9093657933086 C304.0163679202804,189.2510649262279 306.68669778430547,189.78524172409473 309.19245243156047,191.51189618690907 C309.274462977291,191.59335260733067 309.37808441007223,191.67536315306126 309.5011002286682,191.75848194940983 C309.8308047875175,192.0039594612926 310.15829284513086,192.27104786022602 310.4879974039802,192.5591930209011 C310.733474915863,192.76477351053654 310.9806148036727,192.94929723843038 311.22720056617345,193.11387245520055 C312.1315330704459,193.73005979879795 312.9738035401115,194.16116928919254 313.7540119751701,194.4077550516933 C320.37026816451635,197.61336996420323 321.7262127956161,201.86517346008716 317.82184586846915,207.16704441650808 L317.82184586846915,207.227998200497 C319.5889514788398,212.40574508770405 319.2404066594848,217.19172538145483 316.7745490344772,221.58870970829426 L316.2193154748687,219.73959355219304 C316.1378590544471,220.31532974823415 316.0558485087165,220.8700091825336 315.97272971236794,221.40418598040043 C315.23352655017464,224.85583253010213 314.0831624087104,227.89631810053288 312.5210831626663,230.52564269169272 C311.9048958190689,232.4988829170078 312.070025161148,234.03935127600133 313.01480881297675,235.14815601929126 C313.3844103940734,235.5598711238712 313.87813604438395,235.92947270496785 314.49432338798135,236.2580690131992 C314.24773762548057,236.2170637403339 314.00059773767083,236.17605846746864 313.7540119751701,236.1350531946033 C313.5495397361526,236.09404792173802 313.3844103940734,236.05193439825473 313.26139457547754,236.01092912538945 C313.3844103940734,236.2165096150249 313.5068720873603,236.4215359793514 313.63099615657416,236.62711646898686 C314.86392496907797,238.88683947905002 315.41915852868647,241.24962979658545 315.2950344594726,243.71493329628407 C315.1720186408767,245.35791483744083 315.2540291866073,246.92110233410298 315.54162022197335,248.39895453318059 C315.70674956405253,249.30328703745306 315.93172443950266,250.18711690529287 316.2193154748687,251.04989001139103 C316.50746063554374,251.8716578446239 316.7540463980445,252.6934256778568 316.95962688768,253.51519351108968 C319.8355372413406,265.02049730165896 318.6641163381347,272.70399883612095 313.4459183033714,276.56736049040256 L315.72669807517616,282.6067722330898 L312.5210831626663,281.373843420586 C307.4259009464988,291.03058518036306 303.8307359417686,300.0085234366268 301.7350340231666,308.3087664399951 C303.0100763591537,299.9675181637615 305.76186264360035,291.25722243174016 309.9942717536697,282.17510861738623 L304.9406489356765,283.59366940840187 C307.8165592893371,281.661434455952 310.15773871982185,279.2997523890346 311.9664037283668,276.50529845579564 C315.5820713695297,270.7523694978565 317.00063216054525,263.1503243838161 316.2193154748687,253.70082548960147 C315.56212285840604,252.38477788074908 315.04844869697183,250.68028843029438 314.67884711587516,248.5845865116924 C314.43226135337443,247.3516576991886 314.24773762548057,245.99626719339787 314.1236135562667,244.5167526183933 C313.87813604438395,240.53092927082477 313.178829904438,238.10663104399143 312.02901988828273,237.24330381258426 C310.6320699843177,237.98361522539557 309.56371638858406,239.11292260511814 308.8234049757728,240.63344245298802 C306.5232308181533,247.08512342556418 303.4616884859809,252.28281882389484 299.6398862298736,256.22763689859806 C302.2703190716514,251.82954432114065 304.9195921739349,246.36586877449452 307.59103028857794,239.83328550680577 C307.79716490352246,239.46257567509113 307.9822427567252,239.11347673042712 308.14626384818644,238.78432629688677 C309.46064908111185,236.5246032868236 310.7561940535316,235.31273123606144 312.02957401359174,235.14760189398228 C311.2488114532241,234.07980242355762 311.2488114532241,232.29219417675432 312.02957401359174,229.78588540419042 C313.87869016969296,226.53926521881522 315.15262425506205,222.16333765371738 315.85082214439,216.656994458279 L317.0222430475959,219.0607900486797 C318.1310477908859,214.9519508825153 317.6999383004912,211.08914335354268 315.7278063257942,207.4740298376888 C316.8776163419494,208.2132329998821 317.6384303911933,207.28895198448598 318.00803197229,204.70063266619144 L318.00803197229,204.63801650627553 C318.1310477908859,203.8988133440822 318.21361246192544,203.01553760155142 318.2546177347907,201.98874340399203 C318.2546177347907,201.90673285826145 318.2341150983581,201.82361406191288 318.1931098254928,201.7416035161823 C318.1931098254928,201.6601470957607 318.1931098254928,201.53602302654684 318.1931098254928,201.37200193508565 C317.5359172090301,197.38617858751712 315.8713247808227,195.37193308933675 313.1998866661796,195.33148194178045 C313.0768708475837,195.33148194178045 312.93390651786416,195.33148194178045 312.768777175785,195.33148194178045 C312.4806320151099,195.37248721464573 312.19248685443495,195.41349248751104 311.9048958190689,195.4556060109943 zM301.6120182045707,198.84574465139804 C300.0914983567008,197.9414121471256 297.9752938016662,197.28421953066288 295.2628504141578,196.87250442608297 C296.2901987370261,196.70903745993076 297.17347447955694,196.25631708248554 297.91378589236825,195.51711392029225 C297.95479116523353,195.47610864742694 297.99524231278986,195.41349248751104 298.03680171096414,195.33203606708943 C300.4206487902412,192.1275294051975 302.98846547210303,190.81259004696307 305.74080588185876,191.3872179923862 C308.37123872363657,193.19532887562215 309.1730580457458,195.1480664645046 308.1451555975684,197.24210600717961 C306.0915672024497,199.46193199499547 303.91274648749913,199.9950005422443 301.6120182045707,198.84574465139804 zM299.51631628596874,213.14439412458836 C299.3933004673728,212.9382595096439 299.14671470487207,212.83630045278966 298.7771131237754,212.83630045278966 C298.57153263413994,212.83630045278966 298.20193105304327,212.95931627138555 297.66720012986747,213.2059020338863 C297.13246920669167,213.49349306925237 296.76286762559505,213.63811977489888 296.55728713595954,213.63811977489888 L296.55728713595954,213.45304192169607 C296.51628186309426,213.1244456134647 296.4342713173637,212.87730572565494 296.3118096240768,212.71383875950275 C296.14668028199765,212.5082582698673 295.9627106794128,212.40574508770405 295.7571301897773,212.40574508770405 C295.59200084769816,212.40574508770405 295.42797975623694,212.44675036056935 295.2628504141578,212.52876090629994 C294.97525937879175,212.6938902483791 294.7896274002799,212.89836248739658 294.7081709798583,213.14494824989737 C294.54414988839716,213.35108286484183 294.4216881951103,213.61817126377522 294.3385693987617,213.94676757200656 C294.1329889091262,214.60451431377828 294.030475726963,215.28165544136465 294.030475726963,215.97985333069263 S294.030475726963,217.04876105173528 294.030475726963,217.08976632460056 C294.11304039800257,217.33635208710132 294.3995231827506,217.4593679056972 294.89380295837015,217.4593679056972 C295.46898502910227,217.4593679056972 295.9627106794128,217.35685472353398 296.3733175333747,217.1512742338985 C296.9063860806235,216.86368319853244 297.2366447647819,216.43257370813785 297.3591064580688,215.85739163740575 C297.3591064580688,215.93940218313634 297.3995576056251,215.98040745600161 297.48156815135565,215.98040745600161 C297.4411170037994,216.1045315252155 297.5441843112716,216.32950640066565 297.79021594846336,216.658102708897 C298.03680171096414,217.02881254061163 298.26343896234124,217.21278214319645 298.4695735772857,217.21278214319645 C298.5925893958816,217.21278214319645 298.71449696385946,217.1512742338985 298.8391751583823,217.02825841530262 C298.96163685166925,216.98614489181935 299.1677714666137,216.82212380035816 299.4553625019797,216.5345327649921 C299.4553625019797,216.74066737993655 299.51631628596874,216.9656422553867 299.6393321045646,217.21222801788747 C299.80446144664376,217.45881378038823 299.88591786706536,217.68545103176533 299.88591786706536,217.88992327078282 C300.0100419362792,217.88992327078282 300.19401153886406,217.7874100886196 300.44059730136485,217.58182959898411 C300.5636131199607,217.49981905325353 300.6877371891746,217.41836263283193 300.81019888246146,217.33635208710132 C300.81019888246146,217.4593679056972 300.87170679175944,217.6649483953327 300.9958308609733,217.95253943069875 C301.1188466795692,218.2406845913738 301.2839760216483,218.38364892109334 301.4884482606658,218.38364892109334 C301.6940287503013,218.38364892109334 302.002676547409,218.21907370432316 302.41272927606195,217.88992327078282 C302.41272927606195,217.9730420671314 302.45373454892723,218.0140473399967 302.5374074705848,218.0140473399967 C302.5374074705848,218.50666473968923 302.7213770731696,218.83526104792057 303.09208690488424,218.99983626469074 C303.4195749624977,219.12285208328663 303.81078743064495,219.102349446854 304.26184543216317,218.9383283553928 C304.18038901174157,219.47305927856863 304.1388296135673,220.31422149761616 304.1388296135673,221.4651397643894 L305.0636647542724,221.4651397643894 C305.35180991494747,221.01408176287114 305.6183441885719,220.47935083969531 305.8654840763816,219.86260937078893 C306.2345315321693,219.04028741224704 306.41905526006315,218.38309479578436 306.41905526006315,217.88936914547384 C306.41905526006315,217.56077283724247 306.3780499871978,217.33524383648336 306.2960394414672,217.21167389257846 C306.17302362287137,217.04820692642627 305.9264378603706,216.9650881300777 305.5568362792739,216.9650881300777 C305.43271221006006,216.9650881300777 305.2681369932899,216.98559076651037 305.0631106289634,217.02770428999364 C304.8586383899459,217.06870956285894 304.73451432073205,217.08921219929158 304.69350904786677,217.08921219929158 L304.8165248664626,216.71961061819493 C304.8990895375022,216.55503540142476 304.9406489356765,216.41151694639623 304.9406489356765,216.28739287718236 C304.9406489356765,216.16437705858647 304.89964366281123,216.02030447824893 304.8165248664626,215.85628338678777 C304.73506844604105,215.6917081700176 304.69350904786677,215.5686923514217 304.69350904786677,215.48668180569112 C304.5283797057876,215.48668180569112 304.2424510463485,215.54818971498906 303.83018181645957,215.67120553358495 C303.46058023536295,215.7953296027988 303.1724350746879,215.85628338678777 302.96685458505243,215.85628338678777 C302.96685458505243,215.5686923514217 302.94635194861974,215.3420551000446 302.90534667575446,215.17858813389242 C302.8238902553329,215.01401291712224 302.65876091325373,214.93200237139166 302.411621025444,214.93200237139166 C302.28860520684805,214.93200237139166 302.1450867518196,214.99351028068958 301.98106566035835,215.11652609928547 C301.77659342134086,215.28110131605564 301.652469352127,215.40411713465153 301.61146407926174,215.4872359310001 C301.5288994082222,214.99351028068958 301.46794562423315,214.6444113360256 301.4258321007499,214.43883084639012 C301.3853809531936,214.06922926529347 301.11773842895116,213.88415141209066 300.62567515456766,213.88415141209066 C300.54421873414606,213.88415141209066 300.4200946649322,213.94676757200656 300.254965322853,214.06922926529347 C300.09094423139186,214.19224508388936 299.9679284127959,214.31581502779423 299.88536374175635,214.43883084639012 L299.88536374175635,214.25430711849629 C299.72078852498623,213.63811977489888 299.5983268316993,213.26740994318425 299.51631628596874,213.14439412458836 zM277.9442180069694,204.70118679150045 C275.43846335971443,207.57709714516102 273.38321258866875,210.51451540811956 271.78068219506827,213.513995705685 C270.63031805360407,215.81583223923144 269.72709379994956,218.13650903328357 269.0682388075599,220.47935083969531 C268.20491157615277,218.21851957901418 268.18607131564704,215.97929920538365 269.00728502357094,213.76058146818576 C267.11716359460445,214.25430711849629 265.24754480207054,213.41148252352178 263.3984286459693,211.2337700591892 C262.57666081273646,211.2337700591892 261.77428736531823,211.60337164028584 260.9946330555686,212.34257480247913 C263.95366220557776,206.87834513052402 268.2054657014617,204.47454954012335 273.7522600444564,205.13174215658603 C273.9583946594009,205.21375270231664 274.18447778546897,205.25475797518192 274.43161767327877,205.25475797518192 C275.4994171437034,205.3788820443958 276.52621134126275,205.00928046329915 277.5136626418838,204.14595323189198 L277.9442180069694,204.70118679150045 zM287.37487664067834,215.42461977108417 C286.1419478281745,216.98614489181935 285.62827366674037,219.53456718786657 285.8338541563758,223.06767015798985 C285.8338541563758,223.2738047729343 285.8532485421905,223.45777437551914 285.89536206567374,223.6223495922893 C286.2649636467704,225.0608588944286 287.4768356975326,223.47883113726078 289.53208646857826,218.87682044609485 C289.61354288899986,218.7122452293247 289.6961075600394,218.5482241378635 289.7775639804611,218.38309479578436 C290.189279085041,216.16437705858647 289.4079623993644,215.15808549745975 287.4358304246673,215.36255773647724 C287.393716901184,215.36311186178625 287.37487664067834,215.3836144982189 287.37487664067834,215.42461977108417 zM275.4174065979728,246.92110233410298 C274.47262294614404,245.11299145086704 274.4925714572677,242.44155333622393 275.47836038196175,238.90845036610065 C276.5478222283134,235.08664810999335 278.7454832037696,230.30011369093359 282.07300568425745,224.54718473299442 C278.86849902236554,228.9026096616596 276.40319552266686,233.60713353498875 274.6765410598525,238.6618646035999 L274.12241575086205,238.47623262508807 C278.4778406795272,225.24538262232244 282.7296441754112,217.04876105173528 286.8805968650588,213.88359728678165 C293.2486049159774,210.76110117062032 299.00264212453453,209.65229642733036 304.1382754882583,210.55607480629385 C309.9322097190627,212.61021732672154 312.80812007272334,216.78111852749288 312.767114799858,223.06767015798985 C312.4385184916267,225.3695066915363 311.8633364208946,227.69018348558842 311.0410144623527,230.03302529200016 C310.0973390611419,232.78591982706487 308.8427993615875,235.53936848743854 307.2818283661613,238.29226302250325 C306.41850113475414,239.77011522158085 305.493665994049,241.24962979658545 304.50787706935495,242.72914437159 C304.3433018525848,242.93527898653446 304.17928076112355,243.13975122555195 304.0158137949714,243.3453317151874 L295.8790377577552,258.75389418228565 L307.83595367515176,233.48356359108388 C303.6445498379478,238.33216004475057 300.3364217432746,243.2007050095409 297.9132317670593,248.09030673607288 C299.5972185810813,242.79009815557896 299.905866378189,239.9141878019184 298.83806690776436,239.46146742447314 C295.3454150851974,245.2143963824123 292.8585006984481,251.6450205932468 291.3800943740615,258.75334005697664 C291.0913950880775,254.23333991154135 292.28331862771597,249.13815769537388 294.9542026170501,243.46779340847434 C291.79070122802347,241.33219446762502 288.64714835012046,243.9820216952175 285.52465223395916,251.4189374671787 C284.8669054921874,248.91262869461474 283.6539251908073,248.1529228959888 281.88792783105464,249.1387118206829 C279.7523288902053,245.72917879446447 277.5951190623054,244.98886738165317 275.4174065979728,246.92110233410298 zM305.2492967327842,222.3899749050945 C305.0021568449745,222.67756594046057 304.79657635533897,222.94465433939396 304.6331093891868,223.19179422720373 C304.5921041163215,223.2738047729343 304.5289338310966,223.37631795509753 304.447477410675,223.49988789900243 C304.28345631921377,223.7874789343685 304.18038901174157,223.95150002582966 304.1388296135673,223.99250529869497 C304.098378466011,224.03351057156024 304.0778758295784,224.09612673147618 304.0778758295784,224.17758315189778 C304.0357623060951,224.38205539091527 304.01692204558935,224.58819000585973 304.01692204558935,224.7937704954952 C304.01692204558935,225.24482849701343 304.098378466011,225.8410673294872 304.26184543216317,226.58137874229845 C304.46798004710763,227.48515712126195 304.6109443768272,228.18390913589894 304.6940631731758,228.6759724102825 C304.6940631731758,228.88155289991795 304.7550169571647,229.53929964168964 304.8780327757606,230.64921263559756 C305.04316211783976,231.71701210602225 305.3307531532058,232.25174302919805 305.74136000716777,232.25174302919805 C306.6046872385749,232.25174302919805 307.3655012878188,231.3064052520603 308.02269390428154,229.41683794840276 C308.55742482745734,227.89631810053288 308.8228508504638,226.47831143482625 308.8228508504638,225.16392620190084 C308.8228508504638,223.8085356961101 308.76189706647483,222.9657111011356 308.638881247879,222.63711479290424 C308.4333007582435,221.77378756149707 307.85756456220236,221.3432321964115 306.9127809103736,221.3432321964115 C306.5010658057937,221.3432321964115 306.0699563153991,221.56820707186162 305.6183441885719,222.02092744930684 C305.494220119358,222.10182974441943 305.3717584260711,222.22484556301532 305.2492967327842,222.3899749050945 zM306.72714893186185,263.0694220887035 C308.28978230321496,265.41170976980624 308.987980192543,267.8770132695049 308.8228508504638,270.46588671310843 C310.7960910757789,269.1919526277393 312.2129894908675,266.3974986945003 313.07631672227467,262.0836331640094 C312.74772041404333,273.7535121713489 308.26817141616436,281.02585272653994 299.6393321045646,283.9023172055095 L304.38541537606807,279.09417189939916 L296.9279969676742,281.37439754589496 C303.87229533994287,277.9637562690586 307.13886403644176,271.86172836645545 306.72714893186185,263.0694220887035 zM302.9679628356704,267.6913812909931 L302.6593150385627,267.9379670534938 C299.20766848886103,268.63616494282184 296.80442702376934,272.70399883612095 295.4484823926696,280.14091460808214 C295.0378755387077,275.58101744039953 295.36591772163,271.24443277224003 296.4342713173637,267.13559360607564 C296.9279969676742,265.28703157528344 297.58518958413686,263.4783665667385 298.40640329206076,261.71236920698584 C298.9815853627929,260.479440394482 299.61938359344094,259.2880709801525 300.3181356080779,258.13770683868825 C300.5636131199607,262.86328747375904 301.4474429878005,266.04895387514534 302.9679628356704,267.6913812909931 zM289.0998687275657,263.3160078512043 L297.111966570259,259.43214356049 C297.68770276630016,260.9521092830509 296.76286762559505,262.90540099724234 294.3385693987617,265.2875857005924 C293.68082265699,265.90321891888084 292.92167098367304,266.5609656606525 292.05889787757485,267.2608259259075 L287.6203541525611,265.65663315638005 L286.0178237589607,266.2118667159885 L284.9699727996597,265.65663315638005 L282.68919302785486,266.2118667159885 L281.8884819563636,264.60933632238806 C280.16238161885826,265.1030619726986 278.86849902236554,265.14351312025485 278.00517179095834,264.73235214098395 C277.88215597236245,264.65034159525334 277.73919164264294,264.5483825383991 277.57406230056375,264.42370434387624 C277.53194877708046,264.3832531963199 277.5131085165748,264.34224792345464 277.5131085165748,264.30124265058936 C276.60766776168435,259.98626886948045 277.0398855026969,256.4941711722225 278.80699111306757,253.8227330575794 C279.71132361734,254.9742054496616 280.7381178148994,257.3768927894443 281.8890360816726,261.03411982878146 L284.8469569810638,261.527845479092 L285.0935427435645,262.7607742915958 L287.4978924592742,261.8364932761997 L289.1004228528747,262.3302189265102 L289.1004228528747,263.3160078512043 L289.0998687275657,263.3160078512043 zM287.2507525714645,287.22928556068837 C287.90905343854513,289.16152051313816 288.50362989509193,290.33294141634406 289.03836081826773,290.74354827030595 C288.4631787475356,290.53741365536155 287.35326575362774,290.02484774454535 285.709730087162,289.20252578600343 C284.0667485460052,288.3807579527706 283.03884609782784,287.9086431895107 282.6276851185569,287.7845191202968 C282.6276851185569,288.1541207013935 282.8338197335014,288.70880013569297 283.2438724621543,289.4491115485042 C283.6544793161163,290.22931998356285 284.08669705712884,290.8250046907276 284.5383091839561,291.2361656699985 L284.5383091839561,293.6399612603992 C283.1413592799911,292.4070324478954 281.94998986566156,291.4212435232013 280.9642009409675,290.68204036100803 C279.1555359324226,289.3255416045994 277.4909435042152,288.62734371527137 275.97153190696326,288.58633844240603 C275.97153190696326,291.09264721497 275.78645405376045,293.76408532961307 275.41685247266383,296.59899041040836 C275.2107178577194,295.9417977939456 274.57402787768933,294.7703768907398 273.50622840726464,293.08528182609973 C272.4788800843963,291.4827514324993 271.6981175240287,290.43545459850725 271.1633866008529,289.9417289481968 C271.1633866008529,290.3523358021587 270.9783087476501,292.0169282303661 270.6087071665534,294.93439798220095 C270.2391055854568,297.5238255511135 269.992519822956,299.1463044558376 269.8695040043601,299.8034970723003 L269.5608562072524,299.74254328831137 C269.3142704447517,298.63207616909443 268.2669736107597,296.4338610683292 266.4178574546585,293.14789798601566 C264.97934815251915,290.5994756899685 263.8079272493133,288.6278978405803 262.90359474504083,287.2298396859974 C262.90359474504083,287.43597430094184 262.82213832461923,287.5384874831051 262.65700898254005,287.5384874831051 C262.6165578349837,289.2235825477451 261.9383084567794,291.4012950120777 260.623923223854,294.0727331267208 C260.29532691562264,294.72992574318346 259.8426065381774,295.6132014857143 259.2674244674453,296.72200622900425 C258.8568176134834,297.6263387332767 258.65123712384786,298.2829772244304 258.65123712384786,298.6952464543193 C258.52822130525203,297.8319192229122 258.3647543390998,295.55058532579835 258.15861972415536,291.8529071389049 C257.9524851092109,288.27879889591634 257.85052605235666,285.9559056006282 257.85052605235666,284.8886602555126 L257.6039402898559,284.8886602555126 C255.83683467948526,286.57264706953464 254.25425279700846,288.15522895201144 252.85841114366144,289.63418940170703 C250.84471977079005,291.81190186603965 249.61179095828624,293.35237022503316 249.16017883145898,294.25670272930563 L249.09756267154307,294.19574894531667 C249.05655739867774,292.46964860781134 249.63173946940987,290.20992559774817 250.8236630090484,287.41602578981815 C251.80945193374248,284.9911734376758 252.96037020051568,282.9159741555065 254.2747554334411,281.1909820686191 C254.64491113984673,280.82138048752245 254.87099426591485,280.63630263431963 254.95300481164543,280.63630263431963 L254.95300481164543,280.327654837212 C254.70752729976266,280.615799997887 254.48089004838556,280.90339103325306 254.2747554334411,281.1909820686191 C253.45298760020822,281.9301852308124 251.95352451408,283.30718662365376 249.7763661750564,285.32032387121615 C246.73588060462563,288.15522895201144 244.72163510644526,290.044796255669 243.73584618175119,290.99124228342475 C244.06444248998253,289.5937382541507 244.82414828860848,287.90919731481966 246.016071828247,285.93651121481355 C247.28945178830713,284.49744778736533 248.6875099428901,283.1420572815746 250.207475665451,281.8686773215145 C251.93413012826534,280.47172741754946 253.20806421363443,279.4238764582485 254.02816967094031,278.7251244436115 C255.38522255265804,277.57476030214724 256.53447844350427,276.46595555885733 257.48037034595103,275.3964937125057 L257.6039402898559,275.51950953110156 C257.6039402898559,275.8497682152599 257.3368518909225,276.6499251614422 256.80212096774665,277.9238592468113 L256.80212096774665,279.28035800321993 C257.29584661805717,279.19723920687136 257.80841252887336,278.88914553507266 258.34314345204916,278.3555228625148 C258.79530970418546,277.7803407917827 259.08345486486047,277.45174448355135 259.20591655814735,277.3686256872028 L259.20591655814735,279.28035800321993 C258.9593307956466,279.7729754029125 258.65123712384786,280.47172741754946 258.28163554275125,281.374951671204 C257.9524851092109,282.1152630840152 257.7480128701934,282.64833163126406 257.66544819915384,282.9785903154224 L257.6044944151649,282.9785903154224 L257.6044944151649,283.2866839872211 C257.60671091640086,283.2002404390186 257.6261053022155,283.09661900623735 257.66544819915384,282.9785903154224 C257.8715828140983,282.8544662462085 258.46726752126307,282.50536730154454 259.45305644595715,281.9296311055034 C260.563523565174,281.2724384890407 261.19855116927715,280.92333954437674 261.3636805113563,280.8823342715114 L261.3636805113563,285.9359570895046 L261.61026627385706,285.9359570895046 C262.06243252599324,285.5663555084079 262.8016356881866,284.6620230041355 263.8289840110549,283.2235137019962 C264.814772935749,281.8681231962055 265.4935764392623,280.8202722369045 265.863178020359,280.07996082409323 C265.9861938389549,280.4091112576335 266.49986800038903,281.53897276266514 267.4042005046615,283.47009946449697 C268.4315488275298,285.56580138309903 269.0676846822509,286.7372222863048 269.3142704447517,286.9838080488056 C269.47829153621285,285.05212722166476 269.5608562072524,282.4843105398029 269.5608562072524,279.279803877911 C269.97146306121437,279.48427611692847 271.040370782257,280.24509016617236 272.7653628691444,281.5594753990978 C274.32688798987954,282.71039366587104 275.3957957109222,283.55321826084554 275.97097778165426,284.0868409334034 L275.97097778165426,283.77819313629567 C275.930526634098,283.73774198873934 275.45674949491115,282.91486590488853 274.5529711159477,281.312889636597 C273.7323115333328,279.916493857941 273.32004230344387,279.1556798086971 273.32004230344387,279.0332181154102 C273.32004230344387,278.4984871922344 273.483509269596,278.23139879330097 273.81376795375434,278.23139879330097 C274.2648259552726,278.51954395397604 275.0877020391235,279.13573129757344 276.279071453453,280.0805149494022 C277.51200026595683,281.02585272653994 278.57924561107245,281.78611265047493 279.4835781153449,282.361848846516 C282.3184831961402,284.04583566053805 284.51780654752343,284.51905867441593 286.0776692923316,283.7787472616047 C286.2444610103378,284.06578417166173 286.63456522786703,285.21670243843494 287.2507525714645,287.22928556068837 zM286.2034557374725,269.910099028191 C287.4363845499763,273.93692764862476 289.34700861537544,273.340688816151 291.93532793366995,268.1219366560787 C289.8811854132423,277.98425890549123 287.96945309722514,278.579943612656 286.2034557374725,269.910099028191 zM285.3401285060653,267.7534433256 C285.3401285060653,268.0814855085224 285.31962586963266,268.3895791803211 285.27917472207633,268.6777243409961 C284.950024288536,271.88333925350605 283.65503344142525,273.5878287039608 281.3953104313621,273.79340919359623 C280.5735425981292,272.7666149960369 279.8753447088012,271.595194092831 279.2996085127601,270.2797006092876 C278.68342116916267,268.9243101034969 278.19080376947016,267.46529816492495 277.8212021883735,265.9037730441898 C280.32751096093745,267.8360079966396 282.83437385881035,268.45219534023704 285.3401285060653,267.7534433256 zM245.2774227913627,232.74491455419957 C243.88102701270668,234.46990664108694 243.07920769059746,235.7233380900234 242.873627200962,236.50465477569998 C244.8058621534118,235.23072069033086 246.8594505485305,233.68969820602834 249.0371630128631,231.88214144810138 C250.68014455401988,230.73122318132818 252.4478042896995,230.15604111059605 254.33737159335703,230.15604111059605 L254.46149566257088,230.46413478239475 C252.3247884711036,231.16233267172277 250.3526564964065,232.68285251959264 248.54454561317056,235.02514020069538 C246.5713053878555,237.53144897325933 245.4004386099586,240.07876301868856 245.03083702886192,242.66819058760103 C247.12653894746393,241.10666546686588 249.7364691528091,239.72966407402453 252.85896526897042,238.53774053438605 C255.48773573482123,237.55195160969197 258.18023061120596,236.79224581106604 260.9331251462707,236.2580690131992 L260.99407893025966,236.50465477569998 C259.925171209217,236.8742563567966 258.4467648848304,237.6960241900295 256.5566434558639,238.9699582753986 C254.37782274091333,240.49047812326847 253.02187810981363,241.8048633561939 252.4877013119468,242.91477635010182 C252.77640059793083,242.91477635010182 253.82369743192285,242.72914437159 255.63236244046777,242.36009691580236 C256.9057424005279,242.1129570279926 257.8715828140983,241.96888444765506 258.528775430561,241.92787917478978 C257.9125880869636,242.2575837336391 257.132379651905,242.77070376976428 256.18593362414924,243.4689016590923 C255.1181341537246,244.33222889049947 254.31742308223335,245.03153503044547 253.78269215905755,245.56515770300328 C254.15284786546317,245.56515770300328 254.56290059411614,245.52415243013797 255.01562097156136,245.4415877590984 C255.26109848344413,245.35902308805882 255.65120270097344,245.21550463303026 256.18593362414924,245.0099241433948 L257.7895722683677,245.0099241433948 C257.4593135842094,245.34018282755312 256.98775294625847,245.95581604584157 256.37156560266106,246.85904029949603 C255.75482413375465,247.7633728037685 255.24225822293846,248.3995086584896 254.83054311835855,248.77077261551318 C255.2001446994552,249.13982007130085 255.83683467948526,249.6734427438587 256.74061305844873,250.37274888380466 C257.6044944151649,251.07150089844168 258.3021381791839,251.85226345880926 258.83631497705073,252.71503656490742 C257.93253659808727,252.55101547344623 256.782726581932,252.67403129204212 255.38522255265804,253.08519227131308 C254.02816967094031,253.496353250584 252.87780552947612,254.0100274120182 251.93357600295633,254.6262147556156 L251.93357600295633,249.01680425270496 C251.31683453404992,249.14037419660986 250.67903630340186,249.44846786840856 250.02184368693918,249.94108526810106 C249.36465107047647,250.5168214641422 248.8515310343513,250.92798244341313 248.48082120263666,251.1740140806049 L248.48082120263666,248.7713267408222 C248.68695581758112,248.52474097832143 248.95404421651452,247.72236753090323 249.2826405247459,246.3669770251125 L249.2826405247459,245.81229759081305 C248.66645318114848,246.14089389904439 247.74161804044337,246.7570812426418 246.50924335324854,247.66085962160525 C245.317873938919,248.5657462511867 244.4556549581298,249.2844467769474 243.921478160263,249.81862357481418 C244.0439398535499,248.87383992298544 244.3115823777923,248.19559054478108 244.72163510644526,247.78442956551015 C245.37993597352593,247.12668282373846 245.8315481003532,246.57311164005696 246.07813386285392,246.12039126261175 C243.24212053144066,246.40853642328676 240.65380121314615,247.08623167618214 238.3109594067344,248.1551393972248 C235.27047383630367,249.5925404487461 233.60643553340523,251.40009720667302 233.3188444980392,253.57780967100558 C233.76990249955742,252.8386065088123 234.57172182166664,252.28392707451283 235.72264008843987,251.9143254934162 C236.42083797776786,251.6677397309154 237.5712021192321,251.33914342268406 239.1737325128326,250.9285365687221 L239.35936449134437,251.051552387318 C238.98976291024775,251.50427276476324 238.29156502091973,252.8391606341213 237.2636625727424,255.05732424601018 C236.03073376023858,257.68664883716997 235.3325358709106,259.14621490105094 235.1674065288314,259.433251811108 L235.1674065288314,259.6798375736088 C235.61901865565866,259.433251811108 236.7289316495666,258.61092985256613 238.49603725993722,257.2145340739101 C240.22269172275156,255.90014884098468 241.14697273814767,255.22079121216237 241.26943443143455,255.18034006460607 L241.39245025003044,255.30391000851094 C238.88614147746654,257.8927834521145 236.8325530823478,261.3438758765071 235.22891443812938,265.658295532307 C234.32624430978387,268.0016914640278 233.503922351242,270.7135807262272 232.7636109384307,273.7950715695232 L232.51813342654793,273.7950715695232 C232.51813342654793,273.3013459192127 232.47712815368266,272.35656226738394 232.39400935733408,270.9607206140369 C232.2709935387382,269.5626624594539 232.20948562944022,268.78134577377733 232.20948562944022,268.61732468231617 C232.20948562944022,267.0973589597553 232.25049090230556,266.21352909191546 232.3325014480361,265.96694332941473 C232.37350672090142,265.51588532789646 232.7021030291328,264.5705475507587 233.3182903727302,263.13203824861944 L233.3182903727302,262.88545248611865 C232.90768351876824,263.29716759069856 232.0244077762374,264.05687338932455 230.6684631451377,265.16623225792347 C229.3950831850776,266.2345858536571 228.48964243018716,266.97489726646836 227.95601975762932,267.38494999512136 L227.95601975762932,265.84448163612785 C227.95601975762932,264.8586927114338 228.4292427715072,262.6604776106685 229.372918172718,259.24983633383215 C230.35981534803003,255.9217597280353 230.8729353841552,254.21616202696262 230.91338653171152,254.13415148123204 L230.91338653171152,253.82550368412433 C230.70891429269403,254.27822406156957 229.9070949705848,255.28506974800524 228.5106991919288,256.84604074343144 C226.98907109344094,258.5300275574535 226.00439041936485,259.74245373352466 225.55167004191964,260.48276514633596 L225.55167004191964,258.8796806274265 C226.37232962453453,255.05843249662814 227.48224261844246,251.99744428976476 228.88030077302545,249.6967160068363 C229.3313587745437,248.9974098668903 229.94810024345009,248.15624764784275 230.72941692912667,247.16824222191275 C231.59274416053384,246.0599916039318 232.18732061708062,245.25817228182257 232.51702517592997,244.76555488213 C231.32510163629144,245.54576331718863 230.27780480229944,246.3680852757305 229.372918172718,247.23085838182865 C228.5106991919288,248.13352851017413 227.60581256234735,249.2644982658237 226.66158303582756,250.6204428969234 L226.4149972733268,250.55838086231648 C227.40078619802088,247.88860512360037 228.79718197667688,245.03264328106343 230.60529285991282,241.99215771063268 C231.79721639955133,240.0189174853176 232.9686373027572,238.29392539843022 234.1195555695304,236.81441082342565 C235.30981673324197,235.82862189873157 237.0769223436126,234.3901125965923 239.41976415002435,232.49999116762575 L239.60539612853614,232.6845148955196 C239.11167047822562,233.46583158119617 238.63955571496575,234.3081020508617 238.18683533752053,235.21243455513417 C237.69310968721,236.23922875269352 237.3035595949897,237.03993982418478 237.01541443431466,237.61512189491688 L237.01541443431466,237.86170765741764 C237.1395385035285,237.12305862053336 238.80302268111797,235.64354404552876 242.00752934300988,233.4248263083309 C244.76208625400153,231.4515860830158 246.73366410338969,230.17820612295566 247.9255876430282,229.60302405222356 C246.8594505485305,230.79217696531714 245.9756206806907,231.8411361752361 245.2774227913627,232.74491455419957 zM227.9582362588653,224.6081385169834 C227.9582362588653,224.73226258619724 227.9582362588653,225.3689525662273 227.9582362588653,226.51876258238255 C227.9582362588653,227.21806872232855 227.97873889529794,227.60817293985784 228.01974416816324,227.69018348558842 C228.06074944102852,227.8143075548023 228.266329930664,227.95727188452184 228.63593151176065,228.122401226601 L227.6501425870666,228.122401226601 C227.0744063910255,228.122401226601 226.519726956726,227.97777452095448 225.98555015885918,227.69018348558842 C225.2463469966659,227.36158717735708 224.87674541556925,226.88947241409718 224.87674541556925,226.27328507049975 C224.87674541556925,225.327947293362 225.45081923568338,224.7117599497646 226.6017375024566,224.42416891439854 C226.93144206130592,224.34105011804996 227.4035568245658,224.25959369762836 228.01974416816324,224.17758315189778 C228.01974416816324,224.3000448451847 227.9992415317306,224.44467155083117 227.9582362588653,224.6081385169834 zM269.19236287677376,228.61446450098452 C269.19236287677376,225.98513990982474 269.4594512757072,223.47883113726078 269.993073948265,221.09553818329275 C270.5682560189971,218.5892294107288 271.4520858868369,216.20538233145177 272.64345530116645,213.94621344669758 C274.04095933044044,211.27532945736348 275.86846459949106,208.7889691959232 278.1292958601722,206.48768678768573 C273.81487620437235,212.7337872706264 270.8353444179305,220.10974925859867 269.19236287677376,228.61446450098452 zM271.22600276076884,258.75444830759466 C266.6649973424682,244.00307845695914 270.1986544379005,229.41683794840276 281.82808229768364,214.99351028068958 C271.2681162842521,234.83950822218358 268.2270765885123,248.46157069309652 272.7055173357734,255.85803531750142 L271.22600276076884,258.75444830759466 zM272.2117916854629,259.1240498886913 C275.1298155626067,272.88963081463277 281.108273521305,279.79236978872717 290.1482738121757,279.8328209362835 C282.38109935605615,283.32658100946844 275.3342878016242,278.1898393951267 269.00728502357094,264.42370434387624 L272.2117916854629,259.1240498886913 z\" fill=\"#010101\" clip-rule=\"evenodd\" fill-rule=\"evenodd\"/>\n    </g>\n   </g>\n  </g>\n </g>\n</svg>","printColors":["#010101"],"printColorNames":["No Name"],"printColorCategories":["No Category"],"cmykValue":[""],"printUnit":"inch","PrintDimension":{"boundheight":"13.00","boundwidth":"12.00"},"printSize":"Full Front","designPrice":0,"webFontPrice":0,"isTransit":0,"noOfLines":[],"scalingPrice":0,"isWhiteBase":false,"customizeImage":"https://www.screenshotsinc.com//designer-tool/designer-assets/screenshotsinc_com/images/capturedImage/cart/ci_5934df18360ed8.29815609.png","totalBackgroundPrice":0,"imagePresent":0},{"url":"https://www.screenshotsinc.com//designer-tool/designer-assets/screenshotsinc_com/images/productTemplate/16/51.png","svg":"","printColors":[],"printColorNames":[],"printColorCategories":[],"cmykValue":[],"printUnit":"inch","PrintDimension":{"boundheight":"12.00","boundwidth":"13.00"},"printSize":"","webFontPrice":0,"isTransit":0,"noOfLines":0,"scalingPrice":0,"isWhiteBase":false,"customizeImage":"https://www.screenshotsinc.com//designer-tool/designer-assets/screenshotsinc_com/images/capturedImage/cart/ci_5934df18365fe4.63960577.png","imagePresent":0}],"simpleData":{"_R!@#&":["U{{/U~}",""],"isObject":[1,0],"isMultiBoundObject":[]},"nameNumberData":{},"envInfo":{"browserIp":"99.195.210.203","browserHeight":1080,"browserWidth":1920,"browserLang":"en-US","userAgent":"Mozilla/5.0 (Macintosh; Intel Mac OS X 10_11_6) AppleWebKit/537.36 (KHTML, like Gecko) Chrome/58.0.3029.110 Safari/537.36","browserName":"Chrome"},"notes":"","multiBoundPriceArr":[],"unitPrice":"7.83"}