{"order_details":{"shipping_address":{"first_name":"Cody","last_name":"Barks","fax":null,"region":"Missouri","postcode":"65775","telephone":"4043086689","city":"West Plains ","address_1":"626 Joe Jones Blvd","state":"Missouri","company":"ScreenShots","email":"cody@codestr.com","country":null},"billing_address":{"first_name":"Cody","last_name":"Barks","fax":null,"region":"Missouri","postcode":"65775","telephone":"4043086689","state":"Missouri","city":"West Plains ","address_1":"626 Joe Jones Blvd","company":"ScreenShots","email":"cody@codestr.com","country":null},"order_id":"6","order_incremental_id":"000000006","order_status":"Pending","order_date":"2017-06-19 00:41:07","customer_name":"Cody Barks","customer_email":"cody@codestr.com","shipping_method":"freeshipping_freeshipping","order_items":[{"itemStatus":"Ordered","ref_id":"111","item_id":"19","print_status":null,"product_price":"11.5800","config_product_id":"439","product_id":"1861","product_sku":"G800-Dark Heather-L","product_name":"G800-Dark Heather-L","quantity":24,"xe_size":"L","xe_color":"Dark Heather"}]}}